datetime,DGR,year,month,DOY,week
2015-05-01,1,2015,5,121,18
2015-05-02,1,2015,5,122,18
2015-05-03,1,2015,5,123,18
2015-05-04,2,2015,5,124,19
2015-05-05,1,2015,5,125,19
2015-05-06,1,2015,5,126,19
2015-05-07,1,2015,5,127,19
2015-05-08,2,2015,5,128,19
2015-05-09,2,2015,5,129,19
2015-05-10,2,2015,5,130,19
2015-05-11,2,2015,5,131,20
2015-05-12,2,2015,5,132,20
2015-05-13,2,2015,5,133,20
2015-05-14,2,2015,5,134,20
2015-05-15,2,2015,5,135,20
2015-05-16,2,2015,5,136,20
2015-05-17,2,2015,5,137,20
2015-05-18,2,2015,5,138,21
2015-05-19,2,2015,5,139,21
2015-05-20,2,2015,5,140,21
2015-05-21,3,2015,5,141,21
2015-05-22,3,2015,5,142,21
2015-05-23,2,2015,5,143,21
2015-05-24,2,2015,5,144,21
2015-05-25,2,2015,5,145,22
2015-05-26,2,2015,5,146,22
2015-05-27,2,2015,5,147,22
2015-05-28,2,2015,5,148,22
2015-05-29,2,2015,5,149,22
2015-05-30,3,2015,5,150,22
2015-05-31,3,2015,5,151,22
2015-06-01,3,2015,6,152,23
2015-06-02,2,2015,6,153,23
2015-06-03,2,2015,6,154,23
2015-06-04,2,2015,6,155,23
2015-06-05,2,2015,6,156,23
2015-06-06,3,2015,6,157,23
2015-06-07,3,2015,6,158,23
2015-06-08,3,2015,6,159,24
2015-06-09,3,2015,6,160,24
2015-06-10,3,2015,6,161,24
2015-06-11,3,2015,6,162,24
2015-06-12,4,2015,6,163,24
2015-06-13,4,2015,6,164,24
2015-06-14,4,2015,6,165,24
2015-06-15,4,2015,6,166,25
2015-06-16,4,2015,6,167,25
2015-06-17,4,2015,6,168,25
2015-06-18,4,2015,6,169,25
2015-06-19,3,2015,6,170,25
2015-06-20,3,2015,6,171,25
2015-06-21,4,2015,6,172,25
2015-06-22,4,2015,6,173,26
2015-06-23,4,2015,6,174,26
2015-06-24,4,2015,6,175,26
2015-06-25,4,2015,6,176,26
2015-06-26,4,2015,6,177,26
2015-06-27,4,2015,6,178,26
2015-06-28,4,2015,6,179,26
2015-06-29,4,2015,6,180,27
2015-06-30,4,2015,6,181,27
2015-07-01,4,2015,7,182,27
2015-07-02,4,2015,7,183,27
2015-07-03,5,2015,7,184,27
2015-07-04,5,2015,7,185,27
2015-07-05,5,2015,7,186,27
2015-07-06,5,2015,7,187,28
2015-07-07,5,2015,7,188,28
2015-07-08,5,2015,7,189,28
2015-07-09,5,2015,7,190,28
2015-07-10,5,2015,7,191,28
2015-07-11,4,2015,7,192,28
2015-07-12,2,2015,7,193,28
2015-07-13,3,2015,7,194,29
2015-07-14,4,2015,7,195,29
2015-07-15,4,2015,7,196,29
2015-07-16,4,2015,7,197,29
2015-07-17,4,2015,7,198,29
2015-07-18,4,2015,7,199,29
2015-07-19,5,2015,7,200,29
2015-07-20,4,2015,7,201,30
2015-07-21,4,2015,7,202,30
2015-07-22,4,2015,7,203,30
2015-07-23,5,2015,7,204,30
2015-07-24,2,2015,7,205,30
2015-07-25,2,2015,7,206,30
2015-07-26,2,2015,7,207,30
2015-07-27,1,2015,7,208,31
2015-07-28,2,2015,7,209,31
2015-07-29,3,2015,7,210,31
2015-07-30,3,2015,7,211,31
2015-07-31,4,2015,7,212,31
2015-08-01,4,2015,8,213,31
2015-08-02,4,2015,8,214,31
2015-08-03,4,2015,8,215,32
2015-08-04,4,2015,8,216,32
2015-08-05,2,2015,8,217,32
2015-08-06,2,2015,8,218,32
2015-08-07,2,2015,8,219,32
2015-08-08,2,2015,8,220,32
2015-08-09,2,2015,8,221,32
2015-08-10,2,2015,8,222,33
2015-08-11,3,2015,8,223,33
2015-08-12,4,2015,8,224,33
2015-08-13,4,2015,8,225,33
2015-08-14,3,2015,8,226,33
2015-08-15,3,2015,8,227,33
2015-08-16,3,2015,8,228,33
2015-08-17,3,2015,8,229,34
2015-08-18,4,2015,8,230,34
2015-08-19,4,2015,8,231,34
2015-08-20,4,2015,8,232,34
2015-08-21,4,2015,8,233,34
2015-08-22,4,2015,8,234,34
2015-08-23,4,2015,8,235,34
2015-08-24,4,2015,8,236,35
2015-08-25,4,2015,8,237,35
2015-08-26,4,2015,8,238,35
2015-08-27,4,2015,8,239,35
2015-08-28,2,2015,8,240,35
2015-08-29,1,2015,8,241,35
2015-08-30,1,2015,8,242,35
2015-08-31,1,2015,8,243,36
2015-09-01,1,2015,9,244,36
2015-09-02,1,2015,9,245,36
2015-09-03,1,2015,9,246,36
2015-09-04,1,2015,9,247,36
2015-09-05,1,2015,9,248,36
2015-09-06,1,2015,9,249,36
2015-09-07,1,2015,9,250,37
2015-09-08,1,2015,9,251,37
2015-09-09,1,2015,9,252,37
2015-09-10,1,2015,9,253,37
2015-09-11,2,2015,9,254,37
2015-09-12,2,2015,9,255,37
2015-09-13,2,2015,9,256,37
2015-09-14,2,2015,9,257,38
2015-09-15,1,2015,9,258,38
2015-09-16,1,2015,9,259,38
2015-09-17,1,2015,9,260,38
2015-09-18,1,2015,9,261,38
2015-09-19,1,2015,9,262,38
2015-09-20,1,2015,9,263,38
2015-09-21,1,2015,9,264,39
2015-09-22,1,2015,9,265,39
2015-09-23,1,2015,9,266,39
2015-09-24,1,2015,9,267,39
2015-09-25,1,2015,9,268,39
2015-09-26,1,2015,9,269,39
2015-09-27,1,2015,9,270,39
2015-09-28,2,2015,9,271,40
2015-09-29,2,2015,9,272,40
2015-09-30,2,2015,9,273,40
2015-10-01,2,2015,10,274,40
2015-10-02,2,2015,10,275,40
2015-10-03,2,2015,10,276,40
2015-10-04,2,2015,10,277,40
2015-10-05,2,2015,10,278,41
2015-10-06,2,2015,10,279,41
2015-10-07,1,2015,10,280,41
2015-10-08,1,2015,10,281,41
2015-10-09,1,2015,10,282,41
2015-10-10,1,2015,10,283,41
2015-10-11,1,2015,10,284,41
2015-10-12,1,2015,10,285,42
2015-10-13,1,2015,10,286,42
2015-10-14,1,2015,10,287,42
2015-10-15,1,2015,10,288,42
2015-10-16,2,2015,10,289,42
2015-10-17,2,2015,10,290,42
2015-10-18,2,2015,10,291,42
2015-10-19,1,2015,10,292,43
2015-10-20,1,2015,10,293,43
2015-10-21,1,2015,10,294,43
2015-10-22,1,2015,10,295,43
2015-10-23,2,2015,10,296,43
2015-10-24,2,2015,10,297,43
2015-10-25,2,2015,10,298,43
2015-10-26,1,2015,10,299,44
2015-10-27,1,2015,10,300,44
2015-10-28,1,2015,10,301,44
2015-10-29,1,2015,10,302,44
2015-10-30,1,2015,10,303,44
2015-10-31,1,2015,10,304,44
2016-05-01,3,2016,5,122,17
2016-05-02,3,2016,5,123,18
2016-05-03,2,2016,5,124,18
2016-05-04,1,2016,5,125,18
2016-05-05,2,2016,5,126,18
2016-05-06,3,2016,5,127,18
2016-05-07,3,2016,5,128,18
2016-05-08,3,2016,5,129,18
2016-05-09,2,2016,5,130,19
2016-05-10,3,2016,5,131,19
2016-05-11,2,2016,5,132,19
2016-05-12,2,2016,5,133,19
2016-05-13,3,2016,5,134,19
2016-05-14,4,2016,5,135,19
2016-05-15,3,2016,5,136,19
2016-05-16,3,2016,5,137,20
2016-05-17,3,2016,5,138,20
2016-05-18,3,2016,5,139,20
2016-05-19,2,2016,5,140,20
2016-05-20,3,2016,5,141,20
2016-05-21,3,2016,5,142,20
2016-05-22,2,2016,5,143,20
2016-05-23,2,2016,5,144,21
2016-05-24,2,2016,5,145,21
2016-05-25,2,2016,5,146,21
2016-05-26,2,2016,5,147,21
2016-05-27,1,2016,5,148,21
2016-05-28,1,2016,5,149,21
2016-05-29,1,2016,5,150,21
2016-05-30,1,2016,5,151,22
2016-05-31,2,2016,5,152,22
2016-06-01,2,2016,6,153,22
2016-06-02,1,2016,6,154,22
2016-06-03,1,2016,6,155,22
2016-06-04,2,2016,6,156,22
2016-06-05,2,2016,6,157,22
2016-06-06,3,2016,6,158,23
2016-06-07,3,2016,6,159,23
2016-06-08,2,2016,6,160,23
2016-06-09,2,2016,6,161,23
2016-06-10,1,2016,6,162,23
2016-06-11,1,2016,6,163,23
2016-06-12,1,2016,6,164,23
2016-06-13,1,2016,6,165,24
2016-06-14,1,2016,6,166,24
2016-06-15,1,2016,6,167,24
2016-06-16,1,2016,6,168,24
2016-06-17,1,2016,6,169,24
2016-06-18,1,2016,6,170,24
2016-06-19,1,2016,6,171,24
2016-06-20,1,2016,6,172,25
2016-06-21,1,2016,6,173,25
2016-06-22,2,2016,6,174,25
2016-06-23,1,2016,6,175,25
2016-06-24,1,2016,6,176,25
2016-06-25,1,2016,6,177,25
2016-06-26,2,2016,6,178,25
2016-06-27,2,2016,6,179,26
2016-06-28,2,2016,6,180,26
2016-06-29,3,2016,6,181,26
2016-06-30,2,2016,6,182,26
2016-07-01,2,2016,7,183,26
2016-07-02,3,2016,7,184,26
2016-07-03,3,2016,7,185,26
2016-07-04,2,2016,7,186,27
2016-07-05,2,2016,7,187,27
2016-07-06,2,2016,7,188,27
2016-07-07,2,2016,7,189,27
2016-07-08,1,2016,7,190,27
2016-07-09,1,2016,7,191,27
2016-07-10,1,2016,7,192,27
2016-07-11,1,2016,7,193,28
2016-07-12,1,2016,7,194,28
2016-07-13,1,2016,7,195,28
2016-07-14,1,2016,7,196,28
2016-07-15,1,2016,7,197,28
2016-07-16,1,2016,7,198,28
2016-07-17,2,2016,7,199,28
2016-07-18,1,2016,7,200,29
2016-07-19,1,2016,7,201,29
2016-07-20,1,2016,7,202,29
2016-07-21,2,2016,7,203,29
2016-07-22,2,2016,7,204,29
2016-07-23,2,2016,7,205,29
2016-07-24,2,2016,7,206,29
2016-07-25,3,2016,7,207,30
2016-07-26,3,2016,7,208,30
2016-07-27,3,2016,7,209,30
2016-07-28,3,2016,7,210,30
2016-07-29,3,2016,7,211,30
2016-07-30,3,2016,7,212,30
2016-07-31,2,2016,7,213,30
2016-08-01,3,2016,8,214,31
2016-08-02,2,2016,8,215,31
2016-08-03,2,2016,8,216,31
2016-08-04,2,2016,8,217,31
2016-08-05,3,2016,8,218,31
2016-08-06,3,2016,8,219,31
2016-08-07,2,2016,8,220,31
2016-08-08,2,2016,8,221,32
2016-08-09,2,2016,8,222,32
2016-08-10,3,2016,8,223,32
2016-08-11,3,2016,8,224,32
2016-08-12,3,2016,8,225,32
2016-08-13,3,2016,8,226,32
2016-08-14,3,2016,8,227,32
2016-08-15,3,2016,8,228,33
2016-08-16,4,2016,8,229,33
2016-08-17,4,2016,8,230,33
2016-08-18,4,2016,8,231,33
2016-08-19,5,2016,8,232,33
2016-08-20,5,2016,8,233,33
2016-08-21,4,2016,8,234,33
2016-08-22,4,2016,8,235,34
2016-08-23,4,2016,8,236,34
2016-08-24,4,2016,8,237,34
2016-08-25,4,2016,8,238,34
2016-08-26,4,2016,8,239,34
2016-08-27,4,2016,8,240,34
2016-08-28,4,2016,8,241,34
2016-08-29,4,2016,8,242,35
2016-08-30,4,2016,8,243,35
2016-08-31,2,2016,8,244,35
2016-09-01,2,2016,9,245,35
2016-09-02,1,2016,9,246,35
2016-09-03,1,2016,9,247,35
2016-09-04,1,2016,9,248,35
2016-09-05,1,2016,9,249,36
2016-09-06,1,2016,9,250,36
2016-09-07,1,2016,9,251,36
2016-09-08,1,2016,9,252,36
2016-09-09,1,2016,9,253,36
2016-09-10,2,2016,9,254,36
2016-09-11,2,2016,9,255,36
2016-09-12,2,2016,9,256,37
2016-09-13,3,2016,9,257,37
2016-09-14,3,2016,9,258,37
2016-09-15,3,2016,9,259,37
2016-09-16,3,2016,9,260,37
2016-09-17,1,2016,9,261,37
2016-09-18,1,2016,9,262,37
2016-09-19,1,2016,9,263,38
2016-09-20,1,2016,9,264,38
2016-09-21,2,2016,9,265,38
2016-09-22,2,2016,9,266,38
2016-09-23,1,2016,9,267,38
2016-09-24,1,2016,9,268,38
2016-09-25,1,2016,9,269,38
2016-09-26,1,2016,9,270,39
2016-09-27,1,2016,9,271,39
2016-09-28,2,2016,9,272,39
2016-09-29,2,2016,9,273,39
2016-09-30,2,2016,9,274,39
2016-10-01,1,2016,10,275,39
2016-10-02,1,2016,10,276,39
2016-10-03,1,2016,10,277,40
2016-10-04,1,2016,10,278,40
2016-10-05,1,2016,10,279,40
2016-10-06,1,2016,10,280,40
2016-10-07,1,2016,10,281,40
2016-10-08,1,2016,10,282,40
2016-10-09,1,2016,10,283,40
2016-10-10,1,2016,10,284,41
2016-10-11,1,2016,10,285,41
2016-10-12,2,2016,10,286,41
2016-10-13,1,2016,10,287,41
2016-10-14,1,2016,10,288,41
2016-10-15,1,2016,10,289,41
2016-10-16,1,2016,10,290,41
2016-10-17,1,2016,10,291,42
2016-10-18,1,2016,10,292,42
2016-10-19,1,2016,10,293,42
2016-10-20,1,2016,10,294,42
2016-10-21,1,2016,10,295,42
2016-10-22,1,2016,10,296,42
2016-10-23,1,2016,10,297,42
2016-10-24,1,2016,10,298,43
2016-10-25,1,2016,10,299,43
2016-10-26,1,2016,10,300,43
2016-10-27,1,2016,10,301,43
2016-10-28,1,2016,10,302,43
2016-10-29,1,2016,10,303,43
2016-10-30,1,2016,10,304,43
2016-10-31,1,2016,10,305,44
2017-05-01,1,2017,5,121,18
2017-05-02,1,2017,5,122,18
2017-05-03,1,2017,5,123,18
2017-05-04,1,2017,5,124,18
2017-05-05,1,2017,5,125,18
2017-05-06,1,2017,5,126,18
2017-05-07,1,2017,5,127,18
2017-05-08,1,2017,5,128,19
2017-05-09,2,2017,5,129,19
2017-05-10,2,2017,5,130,19
2017-05-11,1,2017,5,131,19
2017-05-12,1,2017,5,132,19
2017-05-13,1,2017,5,133,19
2017-05-14,1,2017,5,134,19
2017-05-15,1,2017,5,135,20
2017-05-16,1,2017,5,136,20
2017-05-17,1,2017,5,137,20
2017-05-18,1,2017,5,138,20
2017-05-19,1,2017,5,139,20
2017-05-20,2,2017,5,140,20
2017-05-21,2,2017,5,141,20
2017-05-22,2,2017,5,142,21
2017-05-23,3,2017,5,143,21
2017-05-24,3,2017,5,144,21
2017-05-25,3,2017,5,145,21
2017-05-26,3,2017,5,146,21
2017-05-27,3,2017,5,147,21
2017-05-28,4,2017,5,148,21
2017-05-29,4,2017,5,149,22
2017-05-30,3,2017,5,150,22
2017-05-31,2,2017,5,151,22
2017-06-01,1,2017,6,152,22
2017-06-02,1,2017,6,153,22
2017-06-03,1,2017,6,154,22
2017-06-04,1,2017,6,155,22
2017-06-05,2,2017,6,156,23
2017-06-06,3,2017,6,157,23
2017-06-07,3,2017,6,158,23
2017-06-08,1,2017,6,159,23
2017-06-09,1,2017,6,160,23
2017-06-10,1,2017,6,161,23
2017-06-11,1,2017,6,162,23
2017-06-12,2,2017,6,163,24
2017-06-13,2,2017,6,164,24
2017-06-14,1,2017,6,165,24
2017-06-15,1,2017,6,166,24
2017-06-16,1,2017,6,167,24
2017-06-17,1,2017,6,168,24
2017-06-18,1,2017,6,169,24
2017-06-19,1,2017,6,170,25
2017-06-20,1,2017,6,171,25
2017-06-21,2,2017,6,172,25
2017-06-22,2,2017,6,173,25
2017-06-23,2,2017,6,174,25
2017-06-24,3,2017,6,175,25
2017-06-25,3,2017,6,176,25
2017-06-26,3,2017,6,177,26
2017-06-27,3,2017,6,178,26
2017-06-28,3,2017,6,179,26
2017-06-29,3,2017,6,180,26
2017-06-30,3,2017,6,181,26
2017-07-01,3,2017,7,182,26
2017-07-02,3,2017,7,183,26
2017-07-03,3,2017,7,184,27
2017-07-04,3,2017,7,185,27
2017-07-05,4,2017,7,186,27
2017-07-06,4,2017,7,187,27
2017-07-07,4,2017,7,188,27
2017-07-08,4,2017,7,189,27
2017-07-09,4,2017,7,190,27
2017-07-10,4,2017,7,191,28
2017-07-11,4,2017,7,192,28
2017-07-12,4,2017,7,193,28
2017-07-13,4,2017,7,194,28
2017-07-14,4,2017,7,195,28
2017-07-15,4,2017,7,196,28
2017-07-16,4,2017,7,197,28
2017-07-17,4,2017,7,198,29
2017-07-18,4,2017,7,199,29
2017-07-19,4,2017,7,200,29
2017-07-20,3,2017,7,201,29
2017-07-21,2,2017,7,202,29
2017-07-22,2,2017,7,203,29
2017-07-23,2,2017,7,204,29
2017-07-24,3,2017,7,205,30
2017-07-25,3,2017,7,206,30
2017-07-26,3,2017,7,207,30
2017-07-27,3,2017,7,208,30
2017-07-28,3,2017,7,209,30
2017-07-29,4,2017,7,210,30
2017-07-30,4,2017,7,211,30
2017-07-31,4,2017,7,212,31
2017-08-01,4,2017,8,213,31
2017-08-02,4,2017,8,214,31
2017-08-03,4,2017,8,215,31
2017-08-04,4,2017,8,216,31
2017-08-05,4,2017,8,217,31
2017-08-06,4,2017,8,218,31
2017-08-07,4,2017,8,219,32
2017-08-08,4,2017,8,220,32
2017-08-09,4,2017,8,221,32
2017-08-10,4,2017,8,222,32
2017-08-11,4,2017,8,223,32
2017-08-12,4,2017,8,224,32
2017-08-13,2,2017,8,225,32
2017-08-14,3,2017,8,226,33
2017-08-15,4,2017,8,227,33
2017-08-16,4,2017,8,228,33
2017-08-17,4,2017,8,229,33
2017-08-18,4,2017,8,230,33
2017-08-19,4,2017,8,231,33
2017-08-20,4,2017,8,232,33
2017-08-21,4,2017,8,233,34
2017-08-22,4,2017,8,234,34
2017-08-23,4,2017,8,235,34
2017-08-24,4,2017,8,236,34
2017-08-25,4,2017,8,237,34
2017-08-26,4,2017,8,238,34
2017-08-27,4,2017,8,239,34
2017-08-28,5,2017,8,240,35
2017-08-29,5,2017,8,241,35
2017-08-30,5,2017,8,242,35
2017-08-31,5,2017,8,243,35
2017-09-01,5,2017,9,244,35
2017-09-02,5,2017,9,245,35
2017-09-03,5,2017,9,246,35
2017-09-04,5,2017,9,247,36
2017-09-05,5,2017,9,248,36
2017-09-06,5,2017,9,249,36
2017-09-07,5,2017,9,250,36
2017-09-08,2,2017,9,251,36
2017-09-09,2,2017,9,252,36
2017-09-10,2,2017,9,253,36
2017-09-11,3,2017,9,254,37
2017-09-12,3,2017,9,255,37
2017-09-13,3,2017,9,256,37
2017-09-14,4,2017,9,257,37
2017-09-15,4,2017,9,258,37
2017-09-16,4,2017,9,259,37
2017-09-17,4,2017,9,260,37
2017-09-18,2,2017,9,261,38
2017-09-19,1,2017,9,262,38
2017-09-20,1,2017,9,263,38
2017-09-21,2,2017,9,264,38
2017-09-22,2,2017,9,265,38
2017-09-23,2,2017,9,266,38
2017-09-24,2,2017,9,267,38
2017-09-25,2,2017,9,268,39
2017-09-26,2,2017,9,269,39
2017-09-27,3,2017,9,270,39
2017-09-28,3,2017,9,271,39
2017-09-29,2,2017,9,272,39
2017-09-30,1,2017,9,273,39
2017-10-01,1,2017,10,274,39
2017-10-02,2,2017,10,275,40
2017-10-03,2,2017,10,276,40
2017-10-04,3,2017,10,277,40
2017-10-05,3,2017,10,278,40
2017-10-06,2,2017,10,279,40
2017-10-07,1,2017,10,280,40
2017-10-08,1,2017,10,281,40
2017-10-09,2,2017,10,282,41
2017-10-10,1,2017,10,283,41
2017-10-11,1,2017,10,284,41
2017-10-12,1,2017,10,285,41
2017-10-13,1,2017,10,286,41
2017-10-14,1,2017,10,287,41
2017-10-15,1,2017,10,288,41
2017-10-16,1,2017,10,289,42
2017-10-17,1,2017,10,290,42
2017-10-18,1,2017,10,291,42
2017-10-19,1,2017,10,292,42
2017-10-20,1,2017,10,293,42
2017-10-21,1,2017,10,294,42
2017-10-22,1,2017,10,295,42
2017-10-23,1,2017,10,296,43
2017-10-24,1,2017,10,297,43
2017-10-25,1,2017,10,298,43
2017-10-26,1,2017,10,299,43
2017-10-27,1,2017,10,300,43
2017-10-28,1,2017,10,301,43
2017-10-29,2,2017,10,302,43
2017-10-30,2,2017,10,303,44
2017-10-31,2,2017,10,304,44
2018-05-01,1,2018,5,121,18
2018-05-02,2,2018,5,122,18
2018-05-03,2,2018,5,123,18
2018-05-04,2,2018,5,124,18
2018-05-05,2,2018,5,125,18
2018-05-06,3,2018,5,126,18
2018-05-07,3,2018,5,127,19
2018-05-08,3,2018,5,128,19
2018-05-09,1,2018,5,129,19
2018-05-10,1,2018,5,130,19
2018-05-11,1,2018,5,131,19
2018-05-12,2,2018,5,132,19
2018-05-13,2,2018,5,133,19
2018-05-14,3,2018,5,134,20
2018-05-15,3,2018,5,135,20
2018-05-16,3,2018,5,136,20
2018-05-17,2,2018,5,137,20
2018-05-18,2,2018,5,138,20
2018-05-19,2,2018,5,139,20
2018-05-20,2,2018,5,140,20
2018-05-21,2,2018,5,141,21
2018-05-22,3,2018,5,142,21
2018-05-23,3,2018,5,143,21
2018-05-24,3,2018,5,144,21
2018-05-25,3,2018,5,145,21
2018-05-26,3,2018,5,146,21
2018-05-27,3,2018,5,147,21
2018-05-28,3,2018,5,148,22
2018-05-29,3,2018,5,149,22
2018-05-30,3,2018,5,150,22
2018-05-31,3,2018,5,151,22
2018-06-01,3,2018,6,152,22
2018-06-02,3,2018,6,153,22
2018-06-03,3,2018,6,154,22
2018-06-04,3,2018,6,155,23
2018-06-05,3,2018,6,156,23
2018-06-06,3,2018,6,157,23
2018-06-07,3,2018,6,158,23
2018-06-08,2,2018,6,159,23
2018-06-09,1,2018,6,160,23
2018-06-10,1,2018,6,161,23
2018-06-11,1,2018,6,162,24
2018-06-12,1,2018,6,163,24
2018-06-13,1,2018,6,164,24
2018-06-14,1,2018,6,165,24
2018-06-15,1,2018,6,166,24
2018-06-16,1,2018,6,167,24
2018-06-17,2,2018,6,168,24
2018-06-18,2,2018,6,169,25
2018-06-19,3,2018,6,170,25
2018-06-20,3,2018,6,171,25
2018-06-21,3,2018,6,172,25
2018-06-22,3,2018,6,173,25
2018-06-23,2,2018,6,174,25
2018-06-24,3,2018,6,175,25
2018-06-25,1,2018,6,176,26
2018-06-26,2,2018,6,177,26
2018-06-27,2,2018,6,178,26
2018-06-28,2,2018,6,179,26
2018-06-29,2,2018,6,180,26
2018-06-30,1,2018,6,181,26
2018-07-01,1,2018,7,182,26
2018-07-02,2,2018,7,183,27
2018-07-03,2,2018,7,184,27
2018-07-04,3,2018,7,185,27
2018-07-05,3,2018,7,186,27
2018-07-06,3,2018,7,187,27
2018-07-07,2,2018,7,188,27
2018-07-08,2,2018,7,189,27
2018-07-09,2,2018,7,190,28
2018-07-10,1,2018,7,191,28
2018-07-11,1,2018,7,192,28
2018-07-12,2,2018,7,193,28
2018-07-13,3,2018,7,194,28
2018-07-14,3,2018,7,195,28
2018-07-15,3,2018,7,196,28
2018-07-16,4,2018,7,197,29
2018-07-17,4,2018,7,198,29
2018-07-18,3,2018,7,199,29
2018-07-19,3,2018,7,200,29
2018-07-20,3,2018,7,201,29
2018-07-21,3,2018,7,202,29
2018-07-22,4,2018,7,203,29
2018-07-23,4,2018,7,204,30
2018-07-24,4,2018,7,205,30
2018-07-25,4,2018,7,206,30
2018-07-26,4,2018,7,207,30
2018-07-27,4,2018,7,208,30
2018-07-28,4,2018,7,209,30
2018-07-29,4,2018,7,210,30
2018-07-30,5,2018,7,211,31
2018-07-31,4,2018,7,212,31
2018-08-01,4,2018,8,213,31
2018-08-02,4,2018,8,214,31
2018-08-03,4,2018,8,215,31
2018-08-04,4,2018,8,216,31
2018-08-05,4,2018,8,217,31
2018-08-06,5,2018,8,218,32
2018-08-07,5,2018,8,219,32
2018-08-08,5,2018,8,220,32
2018-08-09,5,2018,8,221,32
2018-08-10,5,2018,8,222,32
2018-08-11,4,2018,8,223,32
2018-08-12,2,2018,8,224,32
2018-08-13,3,2018,8,225,33
2018-08-14,4,2018,8,226,33
2018-08-15,4,2018,8,227,33
2018-08-16,4,2018,8,228,33
2018-08-17,4,2018,8,229,33
2018-08-18,4,2018,8,230,33
2018-08-19,4,2018,8,231,33
2018-08-20,5,2018,8,232,34
2018-08-21,5,2018,8,233,34
2018-08-22,5,2018,8,234,34
2018-08-23,4,2018,8,235,34
2018-08-24,4,2018,8,236,34
2018-08-25,2,2018,8,237,34
2018-08-26,2,2018,8,238,34
2018-08-27,3,2018,8,239,35
2018-08-28,4,2018,8,240,35
2018-08-29,4,2018,8,241,35
2018-08-30,4,2018,8,242,35
2018-08-31,4,2018,8,243,35
2018-09-01,4,2018,9,244,35
2018-09-02,4,2018,9,245,35
2018-09-03,4,2018,9,246,36
2018-09-04,4,2018,9,247,36
2018-09-05,4,2018,9,248,36
2018-09-06,4,2018,9,249,36
2018-09-07,4,2018,9,250,36
2018-09-09,3,2018,9,252,36
2018-09-10,2,2018,9,253,37
2018-09-11,1,2018,9,254,37
2018-09-12,1,2018,9,255,37
2018-09-13,1,2018,9,256,37
2018-09-14,1,2018,9,257,37
2018-09-15,1,2018,9,258,37
2018-09-16,1,2018,9,259,37
2018-09-17,1,2018,9,260,38
2018-09-18,1,2018,9,261,38
2018-09-19,1,2018,9,262,38
2018-09-20,1,2018,9,263,38
2018-09-21,1,2018,9,264,38
2018-09-22,1,2018,9,265,38
2018-09-23,1,2018,9,266,38
2018-09-24,1,2018,9,267,39
2018-09-25,1,2018,9,268,39
2018-09-26,1,2018,9,269,39
2018-09-27,2,2018,9,270,39
2018-09-28,2,2018,9,271,39
2018-09-29,2,2018,9,272,39
2018-09-30,1,2018,9,273,39
2018-10-01,1,2018,10,274,40
2018-10-02,1,2018,10,275,40
2018-10-03,1,2018,10,276,40
2018-10-04,1,2018,10,277,40
2018-10-05,1,2018,10,278,40
2018-10-06,2,2018,10,279,40
2018-10-07,1,2018,10,280,40
2018-10-08,1,2018,10,281,41
2018-10-09,1,2018,10,282,41
2018-10-10,1,2018,10,283,41
2018-10-11,1,2018,10,284,41
2018-10-12,1,2018,10,285,41
2018-10-13,2,2018,10,286,41
2018-10-14,2,2018,10,287,41
2018-10-15,2,2018,10,288,42
2018-10-16,2,2018,10,289,42
2018-10-17,2,2018,10,290,42
2018-10-18,2,2018,10,291,42
2018-10-19,2,2018,10,292,42
2018-10-20,2,2018,10,293,42
2018-10-21,3,2018,10,294,42
2018-10-22,3,2018,10,295,43
2018-10-23,3,2018,10,296,43
2018-10-24,2,2018,10,297,43
2018-10-25,1,2018,10,298,43
2018-10-26,1,2018,10,299,43
2018-10-27,1,2018,10,300,43
2018-10-28,1,2018,10,301,43
2018-10-29,1,2018,10,302,44
2018-10-30,1,2018,10,303,44
2018-10-31,1,2018,10,304,44
2019-05-01,2,2019,5,121,18
2019-05-02,2,2019,5,122,18
2019-05-03,2,2019,5,123,18
2019-05-04,2,2019,5,124,18
2019-05-05,2,2019,5,125,18
2019-05-06,3,2019,5,126,19
2019-05-07,3,2019,5,127,19
2019-05-08,3,2019,5,128,19
2019-05-09,3,2019,5,129,19
2019-05-10,4,2019,5,130,19
2019-05-11,4,2019,5,131,19
2019-05-12,3,2019,5,132,19
2019-05-13,3,2019,5,133,20
2019-05-14,2,2019,5,134,20
2019-05-15,1,2019,5,135,20
2019-05-16,1,2019,5,136,20
2019-05-17,1,2019,5,137,20
2019-05-18,1,2019,5,138,20
2019-05-19,2,2019,5,139,20
2019-05-20,1,2019,5,140,21
2019-05-21,1,2019,5,141,21
2019-05-22,2,2019,5,142,21
2019-05-23,2,2019,5,143,21
2019-05-24,2,2019,5,144,21
2019-05-25,1,2019,5,145,21
2019-05-26,2,2019,5,146,21
2019-05-27,2,2019,5,147,22
2019-05-28,2,2019,5,148,22
2019-05-29,2,2019,5,149,22
2019-05-30,2,2019,5,150,22
2019-05-31,3,2019,5,151,22
2019-06-01,3,2019,6,152,22
2019-06-02,3,2019,6,153,22
2019-06-03,3,2019,6,154,23
2019-06-04,3,2019,6,155,23
2019-06-05,3,2019,6,156,23
2019-06-06,2,2019,6,157,23
2019-06-07,2,2019,6,158,23
2019-06-08,2,2019,6,159,23
2019-06-09,2,2019,6,160,23
2019-06-10,2,2019,6,161,24
2019-06-11,3,2019,6,162,24
2019-06-12,4,2019,6,163,24
2019-06-13,4,2019,6,164,24
2019-06-14,3,2019,6,165,24
2019-06-15,3,2019,6,166,24
2019-06-16,3,2019,6,167,24
2019-06-17,3,2019,6,168,25
2019-06-18,4,2019,6,169,25
2019-06-19,4,2019,6,170,25
2019-06-20,3,2019,6,171,25
2019-06-21,3,2019,6,172,25
2019-06-22,3,2019,6,173,25
2019-06-23,3,2019,6,174,25
2019-06-24,3,2019,6,175,26
2019-06-25,3,2019,6,176,26
2019-06-26,4,2019,6,177,26
2019-06-27,2,2019,6,178,26
2019-06-28,2,2019,6,179,26
2019-06-29,2,2019,6,180,26
2019-06-30,2,2019,6,181,26
2019-07-01,2,2019,7,182,27
2019-07-02,2,2019,7,183,27
2019-07-03,2,2019,7,184,27
2019-07-04,2,2019,7,185,27
2019-07-05,2,2019,7,186,27
2019-07-06,2,2019,7,187,27
2019-07-07,1,2019,7,188,27
2019-07-08,1,2019,7,189,28
2019-07-09,2,2019,7,190,28
2019-07-10,1,2019,7,191,28
2019-07-11,1,2019,7,192,28
2019-07-12,1,2019,7,193,28
2019-07-13,2,2019,7,194,28
2019-07-14,2,2019,7,195,28
2019-07-15,2,2019,7,196,29
2019-07-16,2,2019,7,197,29
2019-07-17,1,2019,7,198,29
2019-07-18,1,2019,7,199,29
2019-07-19,1,2019,7,200,29
2019-07-20,2,2019,7,201,29
2019-07-21,3,2019,7,202,29
2019-07-22,3,2019,7,203,30
2019-07-23,3,2019,7,204,30
2019-07-24,2,2019,7,205,30
2019-07-25,2,2019,7,206,30
2019-07-26,3,2019,7,207,30
2019-07-27,1,2019,7,208,30
2019-07-28,2,2019,7,209,30
2019-07-29,2,2019,7,210,31
2019-07-30,2,2019,7,211,31
2019-07-31,3,2019,7,212,31
2019-08-01,2,2019,8,213,31
2019-08-02,2,2019,8,214,31
2019-08-03,2,2019,8,215,31
2019-08-04,3,2019,8,216,31
2019-08-05,3,2019,8,217,32
2019-08-06,3,2019,8,218,32
2019-08-07,3,2019,8,219,32
2019-08-08,3,2019,8,220,32
2019-08-09,3,2019,8,221,32
2019-08-10,3,2019,8,222,32
2019-08-11,2,2019,8,223,32
2019-08-12,2,2019,8,224,33
2019-08-13,2,2019,8,225,33
2019-08-14,3,2019,8,226,33
2019-08-15,3,2019,8,227,33
2019-08-16,3,2019,8,228,33
2019-08-17,3,2019,8,229,33
2019-08-18,3,2019,8,230,33
2019-08-19,3,2019,8,231,34
2019-08-20,3,2019,8,232,34
2019-08-21,2,2019,8,233,34
2019-08-22,2,2019,8,234,34
2019-08-23,2,2019,8,235,34
2019-08-24,2,2019,8,236,34
2019-08-25,2,2019,8,237,34
2019-08-26,3,2019,8,238,35
2019-08-27,3,2019,8,239,35
2019-08-28,3,2019,8,240,35
2019-08-29,3,2019,8,241,35
2019-08-30,3,2019,8,242,35
2019-08-31,3,2019,8,243,35
2019-09-01,3,2019,9,244,35
2019-09-02,3,2019,9,245,36
2019-09-03,3,2019,9,246,36
2019-09-04,3,2019,9,247,36
2019-09-05,3,2019,9,248,36
2019-09-06,4,2019,9,249,36
2019-09-07,4,2019,9,250,36
2019-09-08,2,2019,9,251,36
2019-09-09,2,2019,9,252,37
2019-09-10,2,2019,9,253,37
2019-09-11,3,2019,9,254,37
2019-09-12,2,2019,9,255,37
2019-09-13,1,2019,9,256,37
2019-09-14,1,2019,9,257,37
2019-09-15,1,2019,9,258,37
2019-09-16,1,2019,9,259,38
2019-09-17,1,2019,9,260,38
2019-09-18,1,2019,9,261,38
2019-09-19,1,2019,9,262,38
2019-09-20,1,2019,9,263,38
2019-09-21,1,2019,9,264,38
2019-09-22,1,2019,9,265,38
2019-09-23,1,2019,9,266,39
2019-09-24,1,2019,9,267,39
2019-09-25,1,2019,9,268,39
2019-09-26,1,2019,9,269,39
2019-09-27,1,2019,9,270,39
2019-09-28,1,2019,9,271,39
2019-09-29,2,2019,9,272,39
2019-09-30,2,2019,9,273,40
2019-10-01,2,2019,10,274,40
2019-10-02,2,2019,10,275,40
2019-10-03,1,2019,10,276,40
2019-10-04,1,2019,10,277,40
2019-10-05,1,2019,10,278,40
2019-10-06,1,2019,10,279,40
2019-10-07,1,2019,10,280,41
2019-10-08,1,2019,10,281,41
2019-10-09,1,2019,10,282,41
2019-10-10,1,2019,10,283,41
2019-10-11,2,2019,10,284,41
2019-10-12,2,2019,10,285,41
2019-10-13,2,2019,10,286,41
2019-10-14,2,2019,10,287,42
2019-10-15,2,2019,10,288,42
2019-10-16,1,2019,10,289,42
2019-10-17,1,2019,10,290,42
2019-10-18,1,2019,10,291,42
2019-10-19,1,2019,10,292,42
2019-10-20,1,2019,10,293,42
2019-10-21,1,2019,10,294,43
2019-10-22,1,2019,10,295,43
2019-10-23,1,2019,10,296,43
2019-10-24,1,2019,10,297,43
2019-10-25,1,2019,10,298,43
2019-10-26,1,2019,10,299,43
2019-10-27,1,2019,10,300,43
2019-10-28,1,2019,10,301,44
2019-10-29,2,2019,10,302,44
2019-10-30,2,2019,10,303,44
2019-10-31,2,2019,10,304,44
2020-05-01,1,2020,5,122,18
2020-05-02,1,2020,5,123,18
2020-05-03,1,2020,5,124,18
2020-05-04,1,2020,5,125,19
2020-05-05,1,2020,5,126,19
2020-05-06,1,2020,5,127,19
2020-05-07,1,2020,5,128,19
2020-05-08,2,2020,5,129,19
2020-05-09,2,2020,5,130,19
2020-05-10,3,2020,5,131,19
2020-05-11,3,2020,5,132,20
2020-05-12,1,2020,5,133,20
2020-05-13,1,2020,5,134,20
2020-05-14,1,2020,5,135,20
2020-05-15,1,2020,5,136,20
2020-05-16,1,2020,5,137,20
2020-05-17,1,2020,5,138,20
2020-05-18,1,2020,5,139,21
2020-05-19,1,2020,5,140,21
2020-05-20,2,2020,5,141,21
2020-05-21,1,2020,5,142,21
2020-05-22,1,2020,5,143,21
2020-05-23,1,2020,5,144,21
2020-05-24,1,2020,5,145,21
2020-05-25,1,2020,5,146,22
2020-05-26,1,2020,5,147,22
2020-05-27,2,2020,5,148,22
2020-05-28,2,2020,5,149,22
2020-05-29,2,2020,5,150,22
2020-05-30,1,2020,5,151,22
2020-05-31,1,2020,5,152,22
2020-06-01,1,2020,6,153,23
2020-06-02,1,2020,6,154,23
2020-06-03,1,2020,6,155,23
2020-06-04,1,2020,6,156,23
2020-06-05,1,2020,6,157,23
2020-06-06,1,2020,6,158,23
2020-06-07,1,2020,6,159,23
2020-06-08,1,2020,6,160,24
2020-06-09,1,2020,6,161,24
2020-06-10,1,2020,6,162,24
2020-06-11,1,2020,6,163,24
2020-06-12,1,2020,6,164,24
2020-06-13,1,2020,6,165,24
2020-06-14,1,2020,6,166,24
2020-06-15,1,2020,6,167,25
2020-06-16,1,2020,6,168,25
2020-06-17,1,2020,6,169,25
2020-06-18,1,2020,6,170,25
2020-06-19,2,2020,6,171,25
2020-06-20,1,2020,6,172,25
2020-06-21,1,2020,6,173,25
2020-06-22,1,2020,6,174,26
2020-06-23,2,2020,6,175,26
2020-06-24,1,2020,6,176,26
2020-06-25,1,2020,6,177,26
2020-06-26,2,2020,6,178,26
2020-06-27,1,2020,6,179,26
2020-06-28,1,2020,6,180,26
2020-06-29,2,2020,6,181,27
2020-06-30,2,2020,6,182,27
2020-07-01,1,2020,7,183,27
2020-07-02,1,2020,7,184,27
2020-07-03,1,2020,7,185,27
2020-07-04,1,2020,7,186,27
2020-07-05,1,2020,7,187,27
2020-07-06,1,2020,7,188,28
2020-07-07,1,2020,7,189,28
2020-07-08,1,2020,7,190,28
2020-07-09,1,2020,7,191,28
2020-07-10,1,2020,7,192,28
2020-07-11,1,2020,7,193,28
2020-07-12,1,2020,7,194,28
2020-07-13,1,2020,7,195,29
2020-07-14,2,2020,7,196,29
2020-07-15,2,2020,7,197,29
2020-07-16,2,2020,7,198,29
2020-07-17,2,2020,7,199,29
2020-07-18,2,2020,7,200,29
2020-07-19,3,2020,7,201,29
2020-07-20,3,2020,7,202,30
2020-07-21,3,2020,7,203,30
2020-07-22,3,2020,7,204,30
2020-07-23,2,2020,7,205,30
2020-07-24,2,2020,7,206,30
2020-07-25,3,2020,7,207,30
2020-07-26,3,2020,7,208,30
2020-07-27,4,2020,7,209,31
2020-07-28,3,2020,7,210,31
2020-07-29,4,2020,7,211,31
2020-07-30,4,2020,7,212,31
2020-07-31,3,2020,7,213,31
2020-08-01,3,2020,8,214,31
2020-08-02,4,2020,8,215,31
2020-08-03,4,2020,8,216,32
2020-08-04,4,2020,8,217,32
2020-08-05,4,2020,8,218,32
2020-08-06,2,2020,8,219,32
2020-08-07,2,2020,8,220,32
2020-08-08,2,2020,8,221,32
2020-08-09,2,2020,8,222,32
2020-08-10,2,2020,8,223,33
2020-08-11,3,2020,8,224,33
2020-08-12,2,2020,8,225,33
2020-08-13,3,2020,8,226,33
2020-08-14,3,2020,8,227,33
2020-08-15,3,2020,8,228,33
2020-08-16,4,2020,8,229,33
2020-08-17,4,2020,8,230,34
2020-08-18,3,2020,8,231,34
2020-08-19,3,2020,8,232,34
2020-08-20,2,2020,8,233,34
2020-08-21,1,2020,8,234,34
2020-08-22,1,2020,8,235,34
2020-08-23,2,2020,8,236,34
2020-08-24,2,2020,8,237,35
2020-08-25,2,2020,8,238,35
2020-08-26,2,2020,8,239,35
2020-08-27,2,2020,8,240,35
2020-08-28,3,2020,8,241,35
2020-08-29,3,2020,8,242,35
2020-08-30,3,2020,8,243,35
2020-08-31,2,2020,8,244,36
2020-09-01,2,2020,9,245,36
2020-09-02,2,2020,9,246,36
2020-09-03,2,2020,9,247,36
2020-09-04,3,2020,9,248,36
2020-09-05,3,2020,9,249,36
2020-09-06,3,2020,9,250,36
2020-09-07,4,2020,9,251,37
2020-09-08,4,2020,9,252,37
2020-09-09,4,2020,9,253,37
2020-09-10,4,2020,9,254,37
2020-09-11,4,2020,9,255,37
2020-09-12,3,2020,9,256,37
2020-09-13,3,2020,9,257,37
2020-09-14,3,2020,9,258,38
2020-09-15,3,2020,9,259,38
2020-09-16,3,2020,9,260,38
2020-09-17,3,2020,9,261,38
2020-09-18,3,2020,9,262,38
2020-09-19,2,2020,9,263,38
2020-09-20,2,2020,9,264,38
2020-09-21,2,2020,9,265,39
2020-09-22,2,2020,9,266,39
2020-09-23,1,2020,9,267,39
2020-09-24,1,2020,9,268,39
2020-09-25,1,2020,9,269,39
2020-09-26,1,2020,9,270,39
2020-09-27,1,2020,9,271,39
2020-09-28,1,2020,9,272,40
2020-09-29,1,2020,9,273,40
2020-09-30,2,2020,9,274,40
2020-10-01,2,2020,10,275,40
2020-10-02,2,2020,10,276,40
2020-10-03,2,2020,10,277,40
2020-10-04,2,2020,10,278,40
2020-10-05,2,2020,10,279,41
2020-10-06,2,2020,10,280,41
2020-10-07,2,2020,10,281,41
2020-10-08,2,2020,10,282,41
2020-10-09,1,2020,10,283,41
2020-10-10,1,2020,10,284,41
2020-10-11,1,2020,10,285,41
2020-10-12,1,2020,10,286,42
2020-10-13,1,2020,10,287,42
2020-10-14,1,2020,10,288,42
2020-10-15,1,2020,10,289,42
2020-10-16,1,2020,10,290,42
2020-10-17,1,2020,10,291,42
2020-10-18,1,2020,10,292,42
2020-10-19,1,2020,10,293,43
2020-10-20,1,2020,10,294,43
2020-10-21,1,2020,10,295,43
2020-10-22,1,2020,10,296,43
2020-10-23,1,2020,10,297,43
2020-10-24,1,2020,10,298,43
2020-10-25,1,2020,10,299,43
2020-10-26,1,2020,10,300,44
2020-10-27,1,2020,10,301,44
2020-10-28,1,2020,10,302,44
2020-10-29,1,2020,10,303,44
2020-10-30,1,2020,10,304,44
2020-10-31,1,2020,10,305,44
2021-05-01,1,2021,5,121,17
2021-05-02,1,2021,5,122,17
2021-05-03,1,2021,5,123,18
2021-05-04,1,2021,5,124,18
2021-05-05,1,2021,5,125,18
2021-05-06,1,2021,5,126,18
2021-05-07,1,2021,5,127,18
2021-05-08,1,2021,5,128,18
2021-05-09,1,2021,5,129,18
2021-05-10,1,2021,5,130,19
2021-05-11,1,2021,5,131,19
2021-05-12,1,2021,5,132,19
2021-05-13,1,2021,5,133,19
2021-05-14,2,2021,5,134,19
2021-05-15,2,2021,5,135,19
2021-05-16,2,2021,5,136,19
2021-05-17,1,2021,5,137,20
2021-05-18,1,2021,5,138,20
2021-05-19,2,2021,5,139,20
2021-05-20,2,2021,5,140,20
2021-05-21,2,2021,5,141,20
2021-05-22,2,2021,5,142,20
2021-05-23,2,2021,5,143,20
2021-05-24,1,2021,5,144,21
2021-05-25,1,2021,5,145,21
2021-05-26,2,2021,5,146,21
2021-05-27,1,2021,5,147,21
2021-05-28,1,2021,5,148,21
2021-05-29,2,2021,5,149,21
2021-05-30,1,2021,5,150,21
2021-05-31,2,2021,5,151,22
2021-06-01,2,2021,6,152,22
2021-06-02,2,2021,6,153,22
2021-06-03,2,2021,6,154,22
2021-06-04,2,2021,6,155,22
2021-06-05,1,2021,6,156,22
2021-06-06,1,2021,6,157,22
2021-06-07,1,2021,6,158,23
2021-06-08,2,2021,6,159,23
2021-06-09,1,2021,6,160,23
2021-06-10,1,2021,6,161,23
2021-06-11,2,2021,6,162,23
2021-06-12,1,2021,6,163,23
2021-06-13,1,2021,6,164,23
2021-06-14,1,2021,6,165,24
2021-06-15,1,2021,6,166,24
2021-06-16,1,2021,6,167,24
2021-06-17,2,2021,6,168,24
2021-06-18,2,2021,6,169,24
2021-06-19,2,2021,6,170,24
2021-06-20,2,2021,6,171,24
2021-06-21,2,2021,6,172,25
2021-06-22,3,2021,6,173,25
2021-06-23,2,2021,6,174,25
2021-06-24,2,2021,6,175,25
2021-06-25,3,2021,6,176,25
2021-06-26,3,2021,6,177,25
2021-06-27,4,2021,6,178,25
2021-06-28,4,2021,6,179,26
2021-06-29,4,2021,6,180,26
2021-06-30,3,2021,6,181,26
2021-07-01,3,2021,7,182,26
2021-07-02,3,2021,7,183,26
2021-07-03,3,2021,7,184,26
2021-07-04,4,2021,7,185,26
2021-07-05,4,2021,7,186,27
2021-07-06,4,2021,7,187,27
2021-07-07,4,2021,7,188,27
2021-07-08,4,2021,7,189,27
2021-07-09,4,2021,7,190,27
2021-07-10,4,2021,7,191,27
2021-07-11,4,2021,7,192,27
2021-07-12,4,2021,7,193,28
2021-07-13,4,2021,7,194,28
2021-07-14,4,2021,7,195,28
2021-07-15,4,2021,7,196,28
2021-07-16,4,2021,7,197,28
2021-07-17,3,2021,7,198,28
2021-07-18,4,2021,7,199,28
2021-07-19,4,2021,7,200,29
2021-07-20,4,2021,7,201,29
2021-07-21,4,2021,7,202,29
2021-07-23,4,2021,7,204,29
2021-07-24,5,2021,7,205,29
2021-07-25,5,2021,7,206,29
2021-07-26,5,2021,7,207,30
2021-07-27,5,2021,7,208,30
2021-07-28,5,2021,7,209,30
2021-07-29,5,2021,7,210,30
2021-07-30,5,2021,7,211,30
2021-07-31,5,2021,7,212,30
2021-08-01,4,2021,8,213,30
2021-08-02,5,2021,8,214,31
2021-08-03,5,2021,8,215,31
2021-08-04,5,2021,8,216,31
2021-08-05,5,2021,8,217,31
2021-08-06,4,2021,8,218,31
2021-08-07,2,2021,8,219,31
2021-08-08,2,2021,8,220,31
2021-08-09,3,2021,8,221,32
2021-08-10,3,2021,8,222,32
2021-08-11,3,2021,8,223,32
2021-08-12,4,2021,8,224,32
2021-08-13,4,2021,8,225,32
2021-08-14,4,2021,8,226,32
2021-08-15,4,2021,8,227,32
2021-08-16,2,2021,8,228,33
2021-08-17,2,2021,8,229,33
2021-08-18,3,2021,8,230,33
2021-08-19,3,2021,8,231,33
2021-08-20,3,2021,8,232,33
2021-08-21,3,2021,8,233,33
2021-08-22,3,2021,8,234,33
2021-08-23,3,2021,8,235,34
2021-08-24,3,2021,8,236,34
2021-08-25,4,2021,8,237,34
2021-08-26,2,2021,8,238,34
2021-08-27,2,2021,8,239,34
2021-08-28,2,2021,8,240,34
2021-08-29,2,2021,8,241,34
2021-08-30,2,2021,8,242,35
2021-08-31,2,2021,8,243,35
2021-09-01,2,2021,9,244,35
2021-09-02,3,2021,9,245,35
2021-09-03,3,2021,9,246,35
2021-09-04,3,2021,9,247,35
2021-09-05,1,2021,9,248,35
2021-09-06,2,2021,9,249,36
2021-09-07,2,2021,9,250,36
2021-09-08,1,2021,9,251,36
2021-09-09,2,2021,9,252,36
2021-09-10,2,2021,9,253,36
2021-09-11,2,2021,9,254,36
2021-09-12,1,2021,9,255,36
2021-09-13,2,2021,9,256,37
2021-09-14,1,2021,9,257,37
2021-09-15,1,2021,9,258,37
2021-09-16,2,2021,9,259,37
2021-09-17,1,2021,9,260,37
2021-09-18,1,2021,9,261,37
2021-09-19,1,2021,9,262,37
2021-09-20,1,2021,9,263,38
2021-09-21,1,2021,9,264,38
2021-09-22,1,2021,9,265,38
2021-09-23,2,2021,9,266,38
2021-09-24,2,2021,9,267,38
2021-09-25,2,2021,9,268,38
2021-09-26,1,2021,9,269,38
2021-09-27,1,2021,9,270,39
2021-09-28,1,2021,9,271,39
2021-09-29,1,2021,9,272,39
2021-09-30,1,2021,9,273,39
2021-10-01,1,2021,10,274,39
2021-10-02,1,2021,10,275,39
2021-10-03,1,2021,10,276,39
2021-10-04,1,2021,10,277,40
2021-10-05,1,2021,10,278,40
2021-10-06,1,2021,10,279,40
2021-10-07,1,2021,10,280,40
2021-10-08,1,2021,10,281,40
2021-10-09,1,2021,10,282,40
2021-10-10,1,2021,10,283,40
2021-10-11,1,2021,10,284,41
2021-10-12,1,2021,10,285,41
2021-10-13,1,2021,10,286,41
2021-10-14,1,2021,10,287,41
2021-10-15,1,2021,10,288,41
2021-10-16,1,2021,10,289,41
2021-10-17,1,2021,10,290,41
2021-10-18,1,2021,10,291,42
2021-10-19,1,2021,10,292,42
2021-10-20,1,2021,10,293,42
2021-10-21,1,2021,10,294,42
2021-10-22,1,2021,10,295,42
2021-10-23,1,2021,10,296,42
2021-10-24,1,2021,10,297,42
2021-10-25,1,2021,10,298,43
2021-10-26,1,2021,10,299,43
2021-10-27,1,2021,10,300,43
2021-10-28,1,2021,10,301,43
2021-10-29,1,2021,10,302,43
2021-10-30,1,2021,10,303,43
2021-10-31,1,2021,10,304,43
2022-05-01,1,2022,5,121,17
2022-05-02,1,2022,5,122,18
2022-05-03,1,2022,5,123,18
2022-05-04,1,2022,5,124,18
2022-05-05,1,2022,5,125,18
2022-05-06,1,2022,5,126,18
2022-05-07,1,2022,5,127,18
2022-05-08,1,2022,5,128,18
2022-05-09,1,2022,5,129,19
2022-05-10,1,2022,5,130,19
2022-05-11,1,2022,5,131,19
2022-05-12,1,2022,5,132,19
2022-05-13,1,2022,5,133,19
2022-05-14,1,2022,5,134,19
2022-05-15,1,2022,5,135,19
2022-05-16,1,2022,5,136,20
2022-05-17,1,2022,5,137,20
2022-05-18,1,2022,5,138,20
2022-05-19,1,2022,5,139,20
2022-05-20,1,2022,5,140,20
2022-05-21,1,2022,5,141,20
2022-05-22,2,2022,5,142,20
2022-05-23,2,2022,5,143,21
2022-05-24,1,2022,5,144,21
2022-05-25,1,2022,5,145,21
2022-05-26,1,2022,5,146,21
2022-05-27,1,2022,5,147,21
2022-05-28,1,2022,5,148,21
2022-05-29,1,2022,5,149,21
2022-05-30,1,2022,5,150,22
2022-05-31,1,2022,5,151,22
2022-06-01,2,2022,6,152,22
2022-06-02,2,2022,6,153,22
2022-06-03,1,2022,6,154,22
2022-06-04,1,2022,6,155,22
2022-06-05,1,2022,6,156,22
2022-06-06,1,2022,6,157,23
2022-06-07,1,2022,6,158,23
2022-06-08,1,2022,6,159,23
2022-06-09,1,2022,6,160,23
2022-06-10,1,2022,6,161,23
2022-06-11,1,2022,6,162,23
2022-06-12,1,2022,6,163,23
2022-06-13,1,2022,6,164,24
2022-06-14,1,2022,6,165,24
2022-06-15,1,2022,6,166,24
2022-06-16,1,2022,6,167,24
2022-06-17,1,2022,6,168,24
2022-06-18,1,2022,6,169,24
2022-06-19,1,2022,6,170,24
2022-06-20,1,2022,6,171,25
2022-06-21,1,2022,6,172,25
2022-06-22,1,2022,6,173,25
2022-06-23,1,2022,6,174,25
2022-06-24,1,2022,6,175,25
2022-06-25,2,2022,6,176,25
2022-06-26,2,2022,6,177,25
2022-06-27,3,2022,6,178,26
2022-06-28,2,2022,6,179,26
2022-06-29,1,2022,6,180,26
2022-06-30,1,2022,6,181,26
2022-07-01,2,2022,7,182,26
2022-07-02,2,2022,7,183,26
2022-07-03,1,2022,7,184,26
2022-07-04,1,2022,7,185,27
2022-07-05,1,2022,7,186,27
2022-07-06,1,2022,7,187,27
2022-07-07,1,2022,7,188,27
2022-07-08,1,2022,7,189,27
2022-07-09,1,2022,7,190,27
2022-07-10,1,2022,7,191,27
2022-07-11,2,2022,7,192,28
2022-07-12,3,2022,7,193,28
2022-07-13,3,2022,7,194,28
2022-07-14,3,2022,7,195,28
2022-07-15,3,2022,7,196,28
2022-07-16,2,2022,7,197,28
2022-07-17,2,2022,7,198,28
2022-07-18,2,2022,7,199,29
2022-07-19,2,2022,7,200,29
2022-07-20,2,2022,7,201,29
2022-07-21,3,2022,7,202,29
2022-07-22,2,2022,7,203,29
2022-07-23,3,2022,7,204,29
2022-07-24,3,2022,7,205,29
2022-07-25,3,2022,7,206,30
2022-07-26,4,2022,7,207,30
2022-07-27,4,2022,7,208,30
2022-07-28,4,2022,7,209,30
2022-07-29,4,2022,7,210,30
2022-07-30,4,2022,7,211,30
2022-07-31,4,2022,7,212,30
2022-08-01,4,2022,8,213,31
2022-08-02,4,2022,8,214,31
2022-08-03,4,2022,8,215,31
2022-08-04,2,2022,8,216,31
2022-08-05,2,2022,8,217,31
2022-08-06,2,2022,8,218,31
2022-08-07,2,2022,8,219,31
2022-08-08,3,2022,8,220,32
2022-08-09,3,2022,8,221,32
2022-08-10,3,2022,8,222,32
2022-08-11,3,2022,8,223,32
2022-08-12,3,2022,8,224,32
2022-08-13,3,2022,8,225,32
2022-08-14,3,2022,8,226,32
2022-08-15,3,2022,8,227,33
2022-08-16,4,2022,8,228,33
2022-08-17,4,2022,8,229,33
2022-08-18,4,2022,8,230,33
2022-08-19,4,2022,8,231,33
2022-08-20,4,2022,8,232,33
2022-08-21,4,2022,8,233,33
2022-08-22,4,2022,8,234,34
2022-08-23,4,2022,8,235,34
2022-08-24,4,2022,8,236,34
2022-08-25,4,2022,8,237,34
2022-08-26,4,2022,8,238,34
2022-08-27,3,2022,8,239,34
2022-08-28,4,2022,8,240,34
2022-08-29,4,2022,8,241,35
2022-08-30,4,2022,8,242,35
2022-08-31,4,2022,8,243,35
2022-09-01,4,2022,9,244,35
2022-09-02,5,2022,9,245,35
2022-09-03,5,2022,9,246,35
2022-09-04,2,2022,9,247,35
2022-09-05,2,2022,9,248,36
2022-09-06,3,2022,9,249,36
2022-09-07,3,2022,9,250,36
2022-09-08,3,2022,9,251,36
2022-09-09,3,2022,9,252,36
2022-09-10,4,2022,9,253,36
2022-09-11,4,2022,9,254,36
2022-09-12,4,2022,9,255,37
2022-09-13,4,2022,9,256,37
2022-09-14,4,2022,9,257,37
2022-09-15,2,2022,9,258,37
2022-09-16,2,2022,9,259,37
2022-09-17,2,2022,9,260,37
2022-09-18,3,2022,9,261,37
2022-09-19,3,2022,9,262,38
2022-09-20,4,2022,9,263,38
2022-09-21,4,2022,9,264,38
2022-09-22,3,2022,9,265,38
2022-09-23,3,2022,9,266,38
2022-09-24,3,2022,9,267,38
2022-09-25,3,2022,9,268,38
2022-09-26,4,2022,9,269,39
2022-09-27,4,2022,9,270,39
2022-09-28,4,2022,9,271,39
2022-09-29,3,2022,9,272,39
2022-09-30,4,2022,9,273,39
2022-10-01,4,2022,10,274,39
2022-10-02,4,2022,10,275,39
2022-10-03,4,2022,10,276,40
2022-10-04,4,2022,10,277,40
2022-10-05,4,2022,10,278,40
2022-10-06,4,2022,10,279,40
2022-10-07,4,2022,10,280,40
2022-10-08,4,2022,10,281,40
2022-10-09,4,2022,10,282,40
2022-10-10,4,2022,10,283,41
2022-10-11,4,2022,10,284,41
2022-10-12,4,2022,10,285,41
2022-10-13,4,2022,10,286,41
2022-10-14,4,2022,10,287,41
2022-10-15,4,2022,10,288,41
2022-10-16,5,2022,10,289,41
2022-10-17,5,2022,10,290,42
2022-10-18,5,2022,10,291,42
2022-10-19,5,2022,10,292,42
2022-10-20,4,2022,10,293,42
2022-10-21,2,2022,10,294,42
2022-10-22,2,2022,10,295,42
2022-10-23,3,2022,10,296,42
2022-10-24,2,2022,10,297,43
2022-10-25,2,2022,10,298,43
2022-10-26,1,2022,10,299,43
2022-10-27,1,2022,10,300,43
2022-10-28,1,2022,10,301,43
2022-10-29,1,2022,10,302,43
2022-10-30,1,2022,10,303,43
2022-10-31,1,2022,10,304,44
2023-05-01,2,2023,5,121,18
2023-05-02,2,2023,5,122,18
2023-05-03,2,2023,5,123,18
2023-05-04,2,2023,5,124,18
2023-05-05,1,2023,5,125,18
2023-05-06,1,2023,5,126,18
2023-05-07,1,2023,5,127,18
2023-05-08,1,2023,5,128,19
2023-05-09,1,2023,5,129,19
2023-05-10,1,2023,5,130,19
2023-05-11,2,2023,5,131,19
2023-05-12,2,2023,5,132,19
2023-05-13,3,2023,5,133,19
2023-05-14,3,2023,5,134,19
2023-05-15,3,2023,5,135,20
2023-05-16,3,2023,5,136,20
2023-05-17,3,2023,5,137,20
2023-05-18,3,2023,5,138,20
2023-05-19,3,2023,5,139,20
2023-05-20,3,2023,5,140,20
2023-05-21,3,2023,5,141,20
2023-05-22,3,2023,5,142,21
2023-05-23,3,2023,5,143,21
2023-05-24,3,2023,5,144,21
2023-05-25,3,2023,5,145,21
2023-05-26,3,2023,5,146,21
2023-05-27,3,2023,5,147,21
2023-05-28,4,2023,5,148,21
2023-05-29,4,2023,5,149,22
2023-05-30,4,2023,5,150,22
2023-05-31,4,2023,5,151,22
2023-06-01,4,2023,6,152,22
2023-06-02,4,2023,6,153,22
2023-06-03,4,2023,6,154,22
2023-06-04,4,2023,6,155,22
2023-06-05,4,2023,6,156,23
2023-06-06,5,2023,6,157,23
2023-06-07,5,2023,6,158,23
2023-06-08,5,2023,6,159,23
2023-06-09,4,2023,6,160,23
2023-06-10,2,2023,6,161,23
2023-06-11,2,2023,6,162,23
2023-06-12,3,2023,6,163,24
2023-06-13,3,2023,6,164,24
2023-06-14,3,2023,6,165,24
2023-06-15,4,2023,6,166,24
2023-06-16,2,2023,6,167,24
2023-06-17,2,2023,6,168,24
2023-06-18,2,2023,6,169,24
2023-06-19,2,2023,6,170,25
2023-06-20,2,2023,6,171,25
2023-06-21,2,2023,6,172,25
2023-06-22,2,2023,6,173,25
2023-06-23,3,2023,6,174,25
2023-06-24,3,2023,6,175,25
2023-06-25,3,2023,6,176,25
2023-06-26,3,2023,6,177,26
2023-06-27,3,2023,6,178,26
2023-06-28,3,2023,6,179,26
2023-06-29,3,2023,6,180,26
2023-06-30,4,2023,6,181,26
2023-07-01,4,2023,7,182,26
2023-07-02,4,2023,7,183,26
2023-07-03,4,2023,7,184,27
2023-07-04,4,2023,7,185,27
2023-07-05,4,2023,7,186,27
2023-07-06,4,2023,7,187,27
2023-07-07,4,2023,7,188,27
2023-07-08,4,2023,7,189,27
2023-07-09,4,2023,7,190,27
2023-07-10,4,2023,7,191,28
2023-07-11,4,2023,7,192,28
2023-07-12,4,2023,7,193,28
2023-07-13,5,2023,7,194,28
2023-07-14,5,2023,7,195,28
2023-07-15,5,2023,7,196,28
2023-07-16,5,2023,7,197,28
2023-07-17,4,2023,7,198,29
2023-07-18,4,2023,7,199,29
2023-07-19,5,2023,7,200,29
2023-07-20,5,2023,7,201,29
2023-07-21,5,2023,7,202,29
2023-07-22,5,2023,7,203,29
2023-07-23,5,2023,7,204,29
2023-07-24,2,2023,7,205,30
2023-07-25,2,2023,7,206,30
2023-07-26,2,2023,7,207,30
2023-07-27,2,2023,7,208,30
2023-07-28,2,2023,7,209,30
2023-07-29,2,2023,7,210,30
2023-07-30,2,2023,7,211,30
2023-07-31,3,2023,7,212,31
2023-08-01,3,2023,8,213,31
2023-08-02,3,2023,8,214,31
2023-08-03,3,2023,8,215,31
2023-08-04,3,2023,8,216,31
2023-08-05,3,2023,8,217,31
2023-08-06,4,2023,8,218,31
2023-08-07,3,2023,8,219,32
2023-08-08,3,2023,8,220,32
2023-08-09,2,2023,8,221,32
2023-08-10,2,2023,8,222,32
2023-08-11,2,2023,8,223,32
2023-08-12,2,2023,8,224,32
2023-08-13,3,2023,8,225,32
2023-08-14,3,2023,8,226,33
2023-08-15,3,2023,8,227,33
2023-08-16,4,2023,8,228,33
2023-08-17,4,2023,8,229,33
2023-08-18,4,2023,8,230,33
2023-08-19,4,2023,8,231,33
2023-08-20,4,2023,8,232,33
2023-08-21,4,2023,8,233,34
2023-08-22,4,2023,8,234,34
2023-08-23,4,2023,8,235,34
2023-08-24,4,2023,8,236,34
2023-08-25,4,2023,8,237,34
2023-08-26,4,2023,8,238,34
2023-08-27,4,2023,8,239,34
2023-08-28,4,2023,8,240,35
2023-08-29,3,2023,8,241,35
2023-08-30,2,2023,8,242,35
2023-08-31,2,2023,8,243,35
2023-09-01,3,2023,9,244,35
2023-09-02,4,2023,9,245,35
2023-09-03,4,2023,9,246,35
2023-09-04,3,2023,9,247,36
2023-09-05,4,2023,9,248,36
2023-09-06,4,2023,9,249,36
2023-09-07,4,2023,9,250,36
2023-09-08,4,2023,9,251,36
2023-09-09,4,2023,9,252,36
2023-09-10,4,2023,9,253,36
2023-09-11,3,2023,9,254,37
2023-09-12,3,2023,9,255,37
2023-09-13,4,2023,9,256,37
2023-09-14,4,2023,9,257,37
2023-09-15,4,2023,9,258,37
2023-09-16,5,2023,9,259,37
2023-09-17,5,2023,9,260,37
2023-09-18,2,2023,9,261,38
2023-09-19,2,2023,9,262,38
2023-09-20,2,2023,9,263,38
2023-09-21,3,2023,9,264,38
2023-09-22,3,2023,9,265,38
2023-09-23,3,2023,9,266,38
2023-09-24,2,2023,9,267,38
2023-09-25,1,2023,9,268,39
2023-09-26,1,2023,9,269,39
2023-09-27,1,2023,9,270,39
2023-09-28,1,2023,9,271,39
2023-09-29,1,2023,9,272,39
2023-09-30,1,2023,9,273,39
2023-10-01,1,2023,10,274,39
2023-10-02,1,2023,10,275,40
2023-10-03,1,2023,10,276,40
2023-10-04,1,2023,10,277,40
2023-10-05,1,2023,10,278,40
2023-10-06,1,2023,10,279,40
2023-10-07,2,2023,10,280,40
2023-10-08,2,2023,10,281,40
2023-10-09,1,2023,10,282,41
2023-10-10,1,2023,10,283,41
2023-10-11,1,2023,10,284,41
2023-10-12,1,2023,10,285,41
2023-10-13,1,2023,10,286,41
2023-10-14,1,2023,10,287,41
2023-10-15,1,2023,10,288,41
2023-10-16,1,2023,10,289,42
2023-10-17,1,2023,10,290,42
2023-10-18,1,2023,10,291,42
2023-10-19,1,2023,10,292,42
2023-10-20,1,2023,10,293,42
2023-10-21,1,2023,10,294,42
2023-10-22,1,2023,10,295,42
2023-10-23,1,2023,10,296,43
2023-10-24,1,2023,10,297,43
2023-10-25,1,2023,10,298,43
2023-10-26,1,2023,10,299,43
2023-10-27,1,2023,10,300,43
2023-10-28,1,2023,10,301,43
2023-10-29,1,2023,10,302,43
2023-10-30,2,2023,10,303,44
2023-10-31,2,2023,10,304,44
