Date,mean_TW
1/1/2011,3.173698611
1/2/2011,3.184464931
1/3/2011,3.122092708
1/4/2011,3.189032292
1/5/2011,3.148770486
1/6/2011,2.603395833
1/7/2011,2.751685069
1/8/2011,2.720864236
1/9/2011,2.591134375
1/10/2011,2.465660069
1/11/2011,2.414160764
1/12/2011,2.329521875
1/13/2011,2.27884375
1/14/2011,2.265761458
1/15/2011,2.302985069
1/16/2011,2.355193403
1/17/2011,2.668839236
1/18/2011,2.825047222
1/19/2011,2.870634722
1/20/2011,2.746111111
1/21/2011,2.68409375
1/22/2011,2.650081597
1/23/2011,2.678652083
1/24/2011,2.671672917
1/25/2011,2.698413194
1/26/2011,2.764287847
1/27/2011,2.821081597
1/28/2011,2.873747917
1/29/2011,2.915569097
1/30/2011,2.968465972
1/31/2011,2.89069375
2/1/2011,2.885248611
2/2/2011,2.923428125
2/3/2011,2.791824306
2/4/2011,2.739275694
2/5/2011,2.812070833
2/6/2011,2.822490278
2/7/2011,2.835047222
2/8/2011,2.894891667
2/9/2011,2.912629167
2/10/2011,2.950460764
2/11/2011,2.860695833
2/12/2011,2.835768056
2/13/2011,2.927337153
2/14/2011,2.943272222
2/15/2011,2.976336458
2/16/2011,3.007151042
2/17/2011,3.001526736
2/18/2011,2.996790972
2/19/2011,2.95190625
2/20/2011,2.882419792
2/21/2011,2.841365625
2/22/2011,2.839504514
2/23/2011,2.817598264
2/24/2011,2.664050347
2/25/2011,2.540731597
2/26/2011,2.468482986
2/27/2011,2.447660417
2/28/2011,2.498173264
3/1/2011,2.446765625
3/2/2011,2.263773611
3/3/2011,2.362505208
3/4/2011,2.301478125
3/5/2011,2.251503819
3/6/2011,2.211675694
3/7/2011,2.223617014
3/8/2011,2.299960069
3/9/2011,2.330676042
3/10/2011,2.3892
3/11/2011,2.42854375
3/12/2011,2.404362847
3/13/2011,2.420176736
3/14/2011,2.461594444
3/15/2011,2.490113889
3/16/2011,2.502280903
3/17/2011,2.545376736
3/18/2011,2.576402778
3/19/2011,2.643897917
3/20/2011,2.662717708
3/21/2011,2.718650694
3/22/2011,2.802334028
3/23/2011,2.809238194
3/24/2011,2.868454861
3/25/2011,2.954041319
3/26/2011,2.993782986
3/27/2011,3.069515972
3/28/2011,3.175682639
3/29/2011,3.219995139
3/30/2011,3.227415972
3/31/2011,3.318720486
4/1/2011,3.442193056
4/2/2011,3.469950694
4/3/2011,3.563039236
4/4/2011,3.597750694
4/5/2011,3.581927431
4/6/2011,3.620170486
4/7/2011,3.686981944
4/8/2011,3.699519444
4/9/2011,3.791422917
4/10/2011,3.858317361
4/11/2011,3.894006944
4/12/2011,4.017892361
4/13/2011,4.049371181
4/14/2011,4.078026736
4/15/2011,4.055311806
4/16/2011,4.137988194
4/17/2011,4.220525694
4/18/2011,4.219389236
4/19/2011,4.279638542
4/20/2011,4.353072917
4/21/2011,4.320988542
4/22/2011,4.457223611
4/23/2011,4.526657292
4/24/2011,4.749678125
4/25/2011,4.659929167
4/26/2011,4.654194444
4/27/2011,4.618670139
4/28/2011,4.629218056
4/29/2011,4.845622569
4/30/2011,4.689732639
5/1/2011,4.699077431
5/2/2011,4.725118056
5/3/2011,4.716803472
5/4/2011,4.838578125
5/5/2011,4.831708681
5/6/2011,4.816252083
5/7/2011,4.898107639
5/8/2011,4.785589931
5/9/2011,4.793354167
5/10/2011,4.823905903
5/11/2011,4.83603125
5/12/2011,4.809103472
5/13/2011,4.815667361
5/14/2011,4.774038542
5/15/2011,4.831621528
5/16/2011,4.930053819
5/17/2011,4.948814583
5/18/2011,4.919990972
5/19/2011,4.92281875
5/20/2011,4.956996875
5/21/2011,4.971681597
5/22/2011,5.055061111
5/23/2011,5.054889583
5/24/2011,5.026584722
5/25/2011,5.007375694
5/26/2011,5.089623958
5/27/2011,5.124203125
5/28/2011,5.024956944
5/29/2011,5.146839931
5/30/2011,5.143660764
5/31/2011,5.112757292
6/1/2011,5.127657986
6/2/2011,5.144089931
6/3/2011,5.167617014
6/4/2011,5.179021875
6/5/2011,5.22025625
6/6/2011,5.294235069
6/7/2011,5.334773611
6/8/2011,5.311944097
6/9/2011,5.320802778
6/10/2011,5.315559028
6/11/2011,5.383094097
6/12/2011,5.345093056
6/13/2011,5.398418056
6/14/2011,5.443432986
6/15/2011,5.403167361
6/16/2011,5.416122569
6/17/2011,5.444363542
6/18/2011,5.439889236
6/19/2011,5.482531944
6/20/2011,5.455474306
6/21/2011,5.494871875
6/22/2011,5.483798611
6/23/2011,5.547377778
6/24/2011,5.463852083
6/25/2011,5.519910069
6/26/2011,5.5148875
6/27/2011,5.54765
6/28/2011,5.585751736
6/29/2011,5.623383333
6/30/2011,5.589602778
7/1/2011,5.584697917
7/2/2011,5.612561806
7/3/2011,5.6324625
7/4/2011,5.655543403
7/5/2011,5.733145139
7/6/2011,5.763402778
7/7/2011,5.780229861
7/8/2011,5.77808125
7/9/2011,5.781133333
7/10/2011,5.867640625
7/11/2011,5.898024653
7/12/2011,5.926976736
7/13/2011,5.926381597
7/14/2011,5.920054861
7/15/2011,5.931600347
7/16/2011,5.917810417
7/17/2011,5.906215278
7/18/2011,5.941660417
7/19/2011,5.948444792
7/20/2011,5.967704861
7/21/2011,5.973517014
7/22/2011,5.971590625
7/23/2011,6.008194097
7/24/2011,6.07416875
7/25/2011,6.116822569
7/26/2011,6.110244792
7/27/2011,6.136235417
7/28/2011,6.113092361
7/29/2011,6.163972222
7/30/2011,6.179337153
7/31/2011,6.207567014
8/1/2011,6.228501042
8/2/2011,6.283596875
8/3/2011,6.303557639
8/4/2011,6.314947917
8/5/2011,6.345090972
8/6/2011,6.381171181
8/7/2011,6.379910069
8/8/2011,6.408779167
8/9/2011,6.436756597
8/10/2011,6.443340278
8/11/2011,6.465305556
8/12/2011,6.484126042
8/13/2011,6.519554167
8/14/2011,6.529878819
8/15/2011,6.554197222
8/16/2011,6.589106944
8/17/2011,6.619006597
8/18/2011,6.626090972
8/19/2011,6.651254167
8/20/2011,6.663064583
8/21/2011,6.686801736
8/22/2011,6.71270625
8/23/2011,6.691746528
8/24/2011,6.726972569
8/25/2011,6.698167708
8/26/2011,6.734020486
8/27/2011,6.748269792
8/28/2011,6.7530375
8/29/2011,6.778851042
8/30/2011,6.776194444
8/31/2011,6.802882639
9/1/2011,6.816379167
9/2/2011,6.828992014
9/3/2011,6.827762153
9/4/2011,6.843057986
9/5/2011,6.848978819
9/6/2011,6.83925625
9/7/2011,6.830122569
9/8/2011,6.86865
9/9/2011,6.87031875
9/10/2011,6.882790625
9/11/2011,6.884400347
9/12/2011,6.884006944
9/13/2011,6.879820833
9/14/2011,6.894925
9/15/2011,6.90280625
9/16/2011,6.934184028
9/17/2011,6.931850347
9/18/2011,6.924127431
9/19/2011,7.034075694
9/20/2011,7.075460417
9/21/2011,7.037022917
9/22/2011,7.029289583
9/23/2011,7.193828125
9/24/2011,7.140146875
9/25/2011,7.663486111
9/26/2011,7.7690125
9/27/2011,7.761694444
9/28/2011,7.881432292
9/29/2011,8.163698264
9/30/2011,8.167667708
10/1/2011,8.082695486
10/2/2011,8.200468403
10/3/2011,8.109420139
10/4/2011,8.222280208
10/5/2011,8.198936458
10/6/2011,8.269707986
10/7/2011,8.356070833
10/8/2011,8.226371875
10/9/2011,8.467602431
10/10/2011,8.321702431
10/11/2011,8.809686111
10/12/2011,9.061401389
10/13/2011,8.982851389
10/14/2011,8.669984028
10/15/2011,8.581227431
10/16/2011,8.40631875
10/17/2011,8.40678125
10/18/2011,8.305097917
10/19/2011,8.263630903
10/20/2011,8.323868403
10/21/2011,8.181140625
10/22/2011,8.438978472
10/23/2011,8.153540278
10/24/2011,8.207810417
10/25/2011,8.080335764
10/26/2011,7.923717014
10/27/2011,8.098028125
10/28/2011,8.046945486
10/29/2011,7.717741319
10/30/2011,7.562486806
10/31/2011,7.497965278
11/1/2011,7.518364583
11/2/2011,7.451028223
11/3/2011,7.363167014
11/4/2011,7.347621528
11/5/2011,7.091446875
11/6/2011,7.204717029
11/7/2011,6.969673611
11/8/2011,7.032959722
11/9/2011,7.090351042
11/10/2011,6.992639236
11/11/2011,6.614571181
11/12/2011,6.490333333
11/13/2011,6.373454167
11/14/2011,6.284758681
11/15/2011,6.279927778
11/16/2011,6.325002083
11/17/2011,6.196970833
11/18/2011,6.002981597
11/19/2011,5.949070833
11/20/2011,5.888347569
11/21/2011,5.777869097
11/22/2011,5.634422569
11/23/2011,5.457381944
11/24/2011,5.058768056
11/25/2011,5.028913542
11/26/2011,5.144149306
11/27/2011,5.055831597
11/28/2011,4.797559375
11/29/2011,4.77073125
11/30/2011,4.712159375
12/1/2011,4.642012847
12/2/2011,4.478298264
12/3/2011,4.493195833
12/4/2011,4.377298264
12/5/2011,4.294236806
12/6/2011,4.19425
12/7/2011,4.013188542
12/8/2011,4.020915972
12/9/2011,3.963598611
12/10/2011,3.894097222
12/11/2011,3.825938542
12/12/2011,3.663876389
12/13/2011,3.599029861
12/14/2011,3.505808333
12/15/2011,3.524914236
12/16/2011,3.415715625
12/17/2011,4.893245833
12/18/2011,4.852213542
12/19/2011,4.7
12/20/2011,4.7
12/21/2011,4.6
12/22/2011,4.5
12/23/2011,4.6
12/24/2011,4.5
12/25/2011,4.5
12/26/2011,4.4
12/27/2011,4.4
12/28/2011,4.4
12/29/2011,4.3
12/30/2011,4.3
12/31/2011,4.3
1/1/2012,4.3
1/2/2012,4.3
1/3/2012,4.3
1/4/2012,4.3
1/5/2012,4.3
1/6/2012,4.2
1/7/2012,4.2
1/8/2012,4.1
1/9/2012,4
1/10/2012,4
1/11/2012,4
1/12/2012,4
1/13/2012,4
1/14/2012,3.9
1/15/2012,3.9
1/16/2012,3.8
1/17/2012,3.9
1/18/2012,3.9
1/19/2012,3.8
1/20/2012,3.7
1/21/2012,3.7
1/22/2012,3.7
1/23/2012,3.5
1/24/2012,3.6
1/25/2012,3.6
1/26/2012,3.6
1/27/2012,3.5
1/28/2012,3.5
1/29/2012,3.4
1/30/2012,3.3
1/31/2012,3.3
2/1/2012,3.4
2/2/2012,3.3
2/3/2012,3.3
2/4/2012,3.2
2/5/2012,3.2
2/6/2012,3.3
2/7/2012,3.2
2/8/2012,3.2
2/9/2012,3.2
2/10/2012,3.1
2/11/2012,3
2/12/2012,2.9
2/13/2012,2.9
2/14/2012,3
2/15/2012,3
2/16/2012,3
2/17/2012,3.1
2/18/2012,3.2
2/19/2012,3.1
2/20/2012,3.2
2/21/2012,3.2
2/22/2012,3.3
2/23/2012,3.229486667
2/24/2012,3.258002431
2/25/2012,3.237895833
2/26/2012,3.236090972
2/27/2012,3.168026736
2/28/2012,3.094849306
3/1/2012,3.087127431
3/2/2012,3.039543403
3/3/2012,2.985092361
3/4/2012,3.026367708
3/5/2012,3.064944097
3/6/2012,3.083609028
3/7/2012,3.026551389
3/8/2012,2.955279167
3/9/2012,2.983291667
3/10/2012,2.990179861
3/11/2012,2.996937153
3/12/2012,3.044933681
3/13/2012,3.085714583
3/14/2012,3.081478819
3/15/2012,3.093617361
3/16/2012,3.083257292
3/17/2012,3.092517014
3/18/2012,3.023773264
3/19/2012,3.047307986
3/20/2012,3.062307986
3/21/2012,3.062898958
3/22/2012,3.083351042
3/23/2012,3.109781597
3/24/2012,3.108921528
3/25/2012,3.161042014
3/26/2012,3.225916667
3/27/2012,3.316255208
3/28/2012,3.334967361
3/29/2012,3.397245139
3/30/2012,3.431283333
3/31/2012,3.455972569
4/1/2012,3.44096875
4/2/2012,3.423922917
4/3/2012,3.508018056
4/4/2012,3.568331597
4/5/2012,3.587283681
4/6/2012,3.631132292
4/7/2012,3.691135069
4/8/2012,3.730799306
4/9/2012,3.803636111
4/10/2012,3.90945
4/11/2012,4.042849306
4/12/2012,4.125018403
4/13/2012,4.173957986
4/14/2012,4.194399306
4/15/2012,4.258268056
4/16/2012,4.215341319
4/17/2012,4.359827778
4/18/2012,4.334721528
4/19/2012,4.478021875
4/20/2012,4.4142625
4/21/2012,4.346016667
4/22/2012,4.469769792
4/23/2012,4.471813194
4/24/2012,4.460820833
4/25/2012,4.521011806
4/26/2012,4.601665972
4/27/2012,4.539247569
4/28/2012,4.429401042
4/29/2012,4.48359375
4/30/2012,4.526045486
5/1/2012,4.433256944
5/2/2012,4.495754861
5/3/2012,4.535511806
5/4/2012,4.529025347
5/5/2012,4.436800694
5/6/2012,4.494984375
5/7/2012,4.599158333
5/8/2012,4.528714236
5/9/2012,4.510232986
5/10/2012,4.580757639
5/11/2012,4.648845833
5/12/2012,4.687180556
5/13/2012,4.705900694
5/14/2012,4.789880903
5/15/2012,4.862654514
5/16/2012,4.944595139
5/17/2012,5.036293403
5/18/2012,5.050962847
5/19/2012,5.145007986
5/20/2012,5.125466319
5/21/2012,5.146304861
5/22/2012,5.164070139
5/23/2012,5.319026042
5/24/2012,5.317028125
5/25/2012,5.289706597
5/26/2012,5.393910417
5/27/2012,5.331025
5/28/2012,5.396944097
5/29/2012,5.392964236
5/30/2012,5.353775694
5/31/2012,5.369464583
6/1/2012,5.346973264
6/2/2012,5.400787847
6/3/2012,5.379576042
6/4/2012,5.432535417
6/5/2012,5.41856875
6/6/2012,5.493886458
6/7/2012,5.473872222
6/8/2012,5.483717708
6/9/2012,5.568615625
6/10/2012,5.530074653
6/11/2012,5.571632986
6/12/2012,5.510153125
6/13/2012,5.52955
6/14/2012,5.549433681
6/15/2012,5.562946875
6/16/2012,5.549311111
6/17/2012,5.598703819
6/18/2012,5.645584722
6/19/2012,5.635536458
6/20/2012,5.615000694
6/21/2012,5.635878472
6/22/2012,5.678002083
6/23/2012,5.673871181
6/24/2012,5.678236111
6/25/2012,5.668943403
6/26/2012,5.735568403
6/27/2012,5.771917708
6/28/2012,5.790611458
6/29/2012,5.772375
6/30/2012,5.808997569
7/1/2012,5.805239931
7/2/2012,5.777370833
7/3/2012,5.841353472
7/4/2012,5.810250347
7/5/2012,5.812884375
7/6/2012,5.844982292
7/7/2012,5.928586806
7/8/2012,5.968172917
7/9/2012,5.988317014
7/10/2012,6.041023958
7/11/2012,6.034374306
7/12/2012,6.064750347
7/13/2012,6.101579167
7/14/2012,6.127521875
7/15/2012,6.147383681
7/16/2012,6.161029167
7/17/2012,6.166121875
7/18/2012,6.180650347
7/19/2012,6.190138194
7/20/2012,6.200429167
7/21/2012,6.214517014
7/22/2012,6.231849306
7/23/2012,6.247233681
7/24/2012,6.282663889
7/25/2012,6.286395486
7/26/2012,6.305674653
7/27/2012,6.328059722
7/28/2012,6.339197569
7/29/2012,6.357728472
7/30/2012,6.378861806
7/31/2012,6.428783333
8/1/2012,6.404269792
8/2/2012,6.433556597
8/3/2012,6.451608681
8/4/2012,6.448555208
8/5/2012,6.487944444
8/6/2012,6.484489236
8/7/2012,6.513016319
8/8/2012,6.528926042
8/9/2012,6.540036806
8/10/2012,6.558783681
8/11/2012,6.591739583
8/12/2012,6.613213194
8/13/2012,6.615092361
8/14/2012,6.608989931
8/15/2012,6.647961458
8/16/2012,6.653811111
8/17/2012,6.684128125
8/18/2012,6.68275
8/19/2012,6.682885069
8/20/2012,6.707343403
8/21/2012,6.735201389
8/22/2012,6.713263194
8/23/2012,6.729648264
8/24/2012,7.108513889
8/25/2012,7.147540625
8/26/2012,7.174921181
8/27/2012,7.1917625
8/28/2012,7.221547569
8/29/2012,7.220220486
8/30/2012,7.292972222
8/31/2012,7.230136111
9/1/2012,7.274724653
9/2/2012,7.343366319
9/3/2012,7.321358681
9/4/2012,7.331817708
9/5/2012,7.385905903
9/6/2012,7.400102431
9/7/2012,7.418377778
9/8/2012,7.4698
9/9/2012,7.537107986
9/10/2012,7.536670833
9/11/2012,7.582217708
9/12/2012,7.840303125
9/13/2012,7.877172569
9/14/2012,7.941876736
9/15/2012,7.963244444
9/16/2012,8.062364931
9/17/2012,8.078071181
9/18/2012,8.062584375
9/19/2012,8.173256597
9/20/2012,8.237557986
9/21/2012,8.269236806
9/22/2012,8.317049306
9/23/2012,8.371562847
9/24/2012,10.07709549
9/25/2012,10.1019691
9/26/2012,10.36927257
9/27/2012,10.33720451
9/28/2012,10.49157535
9/29/2012,10.34182188
9/30/2012,10.67924097
10/1/2012,10.66323472
10/2/2012,10.66829444
10/3/2012,10.91572604
10/4/2012,11.03125382
10/5/2012,11.11065174
10/6/2012,11.21101424
10/7/2012,11.19000694
10/8/2012,11.22863507
10/9/2012,11.18151215
10/10/2012,11.16701146
10/11/2012,11.2273441
10/12/2012,11.29007917
10/13/2012,11.32177396
10/14/2012,11.59024757
10/15/2012,11.03446319
10/16/2012,10.60081632
10/17/2012,10.35566701
10/18/2012,10.29443264
10/19/2012,10.02871215
10/20/2012,9.807541667
10/21/2012,9.563954861
10/22/2012,9.299429861
10/23/2012,8.992774306
10/24/2012,8.8996
10/25/2012,8.654264583
10/26/2012,8.6560875
10/27/2012,8.484625
10/28/2012,8.422527431
10/29/2012,8.197027083
10/30/2012,8.079449653
10/31/2012,8.014495833
11/1/2012,8.026722917
11/2/2012,7.992172569
11/3/2012,8.006252778
11/4/2012,8.029113043
11/5/2012,8.046258681
11/6/2012,8.070888889
11/7/2012,7.964138542
11/8/2012,8.012879167
11/9/2012,7.961859028
11/10/2012,7.720308333
11/11/2012,7.563884028
11/12/2012,7.474305208
11/13/2012,7.142228472
11/14/2012,6.843475347
11/15/2012,6.728990972
11/16/2012,6.605945139
11/17/2012,6.54228125
11/18/2012,6.599326389
11/19/2012,6.453686806
11/20/2012,6.259268056
11/21/2012,6.227935764
11/22/2012,6.258301389
11/23/2012,6.221338194
11/24/2012,6.087256597
11/25/2012,5.981875347
11/26/2012,5.972400694
11/27/2012,5.846640625
11/28/2012,5.767393056
11/29/2012,5.747682986
11/30/2012,5.513504167
12/1/2012,5.475453472
12/2/2012,5.489114931
12/3/2012,5.458009722
12/4/2012,5.421581597
12/5/2012,5.394174653
12/6/2012,5.403969792
12/7/2012,5.372733333
12/8/2012,5.286147569
12/9/2012,5.221220139
12/10/2012,5.176230556
12/11/2012,5.151585069
12/12/2012,5.089336806
12/13/2012,5.042404167
12/14/2012,5.01155
12/15/2012,4.959357986
12/16/2012,4.880508681
12/17/2012,4.776210069
12/18/2012,4.701840625
12/19/2012,4.646186111
12/20/2012,4.575814931
12/21/2012,4.515543403
12/22/2012,4.443910764
12/23/2012,4.379735069
12/24/2012,4.348970833
12/25/2012,4.298371181
12/26/2012,4.210740972
12/27/2012,4.174252431
12/28/2012,4.089834028
12/29/2012,4.124065625
12/30/2012,4.047604167
12/31/2012,4.033134028
1/1/2013,3.916613194
1/2/2013,3.8771125
1/3/2013,3.803120486
1/4/2013,3.741566667
1/5/2013,3.720260069
1/6/2013,3.736267361
1/7/2013,3.713726389
1/8/2013,3.681591319
1/9/2013,3.642690972
1/10/2013,3.644883333
1/11/2013,3.538613542
1/12/2013,3.334519792
1/13/2013,3.223358333
1/14/2013,3.19119375
1/15/2013,3.223120833
1/16/2013,3.249895833
1/17/2013,3.209921528
1/18/2013,3.1685625
1/19/2013,3.264638889
1/20/2013,3.237473611
1/21/2013,3.190072222
1/22/2013,3.234614236
1/23/2013,3.064822222
1/24/2013,3.009145486
1/25/2013,2.612348958
1/26/2013,2.623120833
1/27/2013,2.770917361
1/28/2013,2.831116319
1/29/2013,2.863828819
1/30/2013,2.744022917
1/31/2013,2.753475347
2/1/2013,2.717805903
2/2/2013,2.750082292
2/3/2013,2.815469097
2/4/2013,2.872050694
2/5/2013,2.847271181
2/6/2013,2.911970486
2/7/2013,2.946261806
2/8/2013,2.931025694
2/9/2013,2.924214931
2/10/2013,2.988139583
2/11/2013,2.994213542
2/12/2013,3.025274306
2/13/2013,3.037047222
2/14/2013,3.069809028
2/15/2013,3.101552431
2/16/2013,3.14148125
2/17/2013,3.195736458
2/18/2013,3.202867361
2/19/2013,3.200362153
2/20/2013,3.238076389
2/21/2013,3.238561806
2/22/2013,3.217761458
2/23/2013,3.235659722
2/24/2013,3.224720139
2/25/2013,3.233970486
2/26/2013,3.190567014
2/27/2013,3.157711806
2/28/2013,3.160078819
3/1/2013,3.174158681
3/2/2013,3.174328472
3/3/2013,3.037071181
3/4/2013,2.918338194
3/5/2013,2.946432986
3/6/2013,2.999233681
3/7/2013,3.087938194
3/8/2013,3.108531597
3/9/2013,3.131267708
3/10/2013,3.187502431
3/11/2013,3.230126042
3/12/2013,3.249957986
3/13/2013,3.3207625
3/14/2013,3.397326736
3/15/2013,3.404610069
3/16/2013,3.444080903
3/17/2013,3.491978472
3/18/2013,3.594345486
3/19/2013,3.598221528
3/20/2013,3.633448264
3/21/2013,3.68505
3/22/2013,3.676752083
3/23/2013,3.663693056
3/24/2013,3.671882292
3/25/2013,3.717388194
3/26/2013,3.802158681
3/27/2013,3.871296181
3/28/2013,3.958489583
3/29/2013,4.072575347
3/30/2013,4.199169444
3/31/2013,4.378807986
4/1/2013,4.521343056
4/2/2013,4.421585069
4/3/2013,4.503203819
4/4/2013,4.624324653
4/5/2013,4.511951736
4/6/2013,4.467023611
4/7/2013,4.486102083
4/8/2013,4.433743056
4/9/2013,4.428918403
4/10/2013,4.529886806
4/11/2013,4.377522222
4/12/2013,4.491019444
4/13/2013,4.624223611
4/14/2013,4.5473375
4/15/2013,4.503439583
4/16/2013,4.618127431
4/17/2013,4.590136806
4/18/2013,4.514833333
4/19/2013,4.594809028
4/20/2013,4.592819444
4/21/2013,4.674985764
4/22/2013,4.884909028
4/23/2013,4.773192361
4/24/2013,4.820912153
4/25/2013,4.76456875
4/26/2013,4.830486111
4/27/2013,4.849173264
4/28/2013,4.894747917
4/29/2013,4.986121875
4/30/2013,4.899992014
5/1/2013,4.921068056
5/2/2013,4.910572569
5/3/2013,4.929725347
5/4/2013,4.971893056
5/5/2013,5.024223264
5/6/2013,5.121493056
5/7/2013,5.190342361
5/8/2013,5.289561458
5/9/2013,5.283856944
5/10/2013,5.315906597
5/11/2013,5.364019444
5/12/2013,5.417533681
5/13/2013,5.481513542
5/14/2013,5.542142708
5/15/2013,5.502458333
5/16/2013,5.581771875
5/17/2013,5.511792014
5/18/2013,5.575628819
5/19/2013,5.548396181
5/20/2013,5.564665278
5/21/2013,5.609898264
5/22/2013,5.550572569
5/23/2013,5.621332986
5/24/2013,5.593396875
5/25/2013,5.645406944
5/26/2013,5.671803472
5/27/2013,5.705890972
5/28/2013,5.726911806
5/29/2013,5.700198611
5/30/2013,5.773459722
5/31/2013,5.712696875
6/1/2013,5.753117014
6/2/2013,5.745949306
6/3/2013,5.746603472
6/4/2013,5.852601042
6/5/2013,5.883931944
6/6/2013,5.897180556
6/7/2013,5.950174306
6/8/2013,5.933053819
6/9/2013,5.901286111
6/10/2013,5.954936806
6/11/2013,6.025452778
6/12/2013,6.047306597
6/13/2013,6.043957292
6/14/2013,6.073684028
6/15/2013,6.076357639
6/16/2013,6.092637847
6/17/2013,6.109520139
6/18/2013,6.132297222
6/19/2013,6.120431944
6/20/2013,6.153734028
6/21/2013,6.194739583
6/22/2013,6.188440278
6/23/2013,6.137172917
6/24/2013,6.200196528
6/25/2013,6.204203125
6/26/2013,6.211745833
6/27/2013,6.210972222
6/28/2013,6.224790972
6/29/2013,6.205069444
6/30/2013,6.247253472
7/1/2013,6.292545486
7/2/2013,6.321408333
7/3/2013,6.354952083
7/4/2013,6.388819097
7/5/2013,6.424744097
7/6/2013,6.442953472
7/7/2013,6.474470139
7/8/2013,6.492914583
7/9/2013,6.535803472
7/10/2013,6.542320139
7/11/2013,6.569633681
7/12/2013,6.598183681
7/13/2013,6.635867014
7/14/2013,6.646567708
7/15/2013,6.664053125
7/16/2013,6.712663889
7/17/2013,6.711421181
7/18/2013,6.747538542
7/19/2013,6.755331597
7/20/2013,6.762800347
7/21/2013,6.778602083
7/22/2013,6.794939236
7/23/2013,6.833155556
7/24/2013,6.814077431
7/25/2013,6.829921181
7/26/2013,6.846434028
7/27/2013,6.868994792
7/28/2013,6.92
7/29/2013,6.98
7/30/2013,7.09
7/31/2013,7.23
8/1/2013,7.301296875
8/2/2013,7.30363125
8/3/2013,7.2827625
8/4/2013,7.299803125
8/5/2013,7.327385764
8/6/2013,7.379054167
8/7/2013,7.391264583
8/8/2013,7.408183681
8/9/2013,7.447442361
8/10/2013,7.459219792
8/11/2013,7.494288194
8/12/2013,7.513089931
8/13/2013,7.513797569
8/14/2013,7.514131597
8/15/2013,7.589680208
8/16/2013,7.56754375
8/17/2013,7.582321181
8/18/2013,7.604063889
8/19/2013,7.660195486
8/20/2013,7.727949306
8/21/2013,7.692693403
8/22/2013,7.803659722
8/23/2013,7.872982986
8/24/2013,7.873116319
8/25/2013,7.943157986
8/26/2013,7.964839583
8/27/2013,8.06195625
8/28/2013,8.088595833
8/29/2013,8.200965278
8/30/2013,9.742057986
8/31/2013,12.84318472
9/1/2013,13.43885486
9/2/2013,13.65603819
9/3/2013,13.81315799
9/4/2013,13.92001667
9/5/2013,13.91694861
9/6/2013,13.9632625
9/7/2013,13.98005035
9/8/2013,13.98253368
9/9/2013,14.01017569
9/10/2013,14.07147674
9/11/2013,14.03019306
9/12/2013,14.06300345
9/13/2013,14.13372333
9/14/2013,14.05004063
9/15/2013,14.08162847
9/16/2013,14.08223542
9/17/2013,14.11785694
9/18/2013,14.11821944
9/19/2013,14.16158611
9/20/2013,14.18611076
9/21/2013,14.21297118
9/22/2013,14.21997049
9/23/2013,14.27162431
9/24/2013,14.30020799
9/25/2013,14.15677431
9/26/2013,14.06185104
9/27/2013,13.97640486
9/28/2013,13.96055938
9/29/2013,13.86353368
9/30/2013,13.27335938
10/1/2013,12.30956944
10/2/2013,11.57321632
10/3/2013,11.15854167
10/4/2013,10.90327118
10/5/2013,10.68908507
10/6/2013,10.6091566
10/7/2013,10.57925833
10/8/2013,10.63778854
10/9/2013,10.58907986
10/10/2013,10.6080309
10/11/2013,10.6845816
10/12/2013,10.59338368
10/13/2013,10.62970382
10/14/2013,10.67209653
10/15/2013,10.66485625
10/16/2013,10.59804792
10/17/2013,10.61063958
10/18/2013,10.59952535
10/19/2013,10.56207465
10/20/2013,10.5538375
10/21/2013,10.54843993
10/22/2013,10.51230625
10/23/2013,10.50106632
10/24/2013,10.51223715
10/25/2013,10.43861389
10/26/2013,10.42441319
10/27/2013,10.36346076
10/28/2013,10.3710316
10/29/2013,10.19069653
10/30/2013,10.06993438
10/31/2013,9.999263194
11/1/2013,9.981245486
11/2/2013,9.959189583
11/3/2013,9.8177
11/4/2013,9.564553472
11/5/2013,9.407664931
11/6/2013,9.273831597
11/7/2013,9.209789931
11/8/2013,8.760238542
11/9/2013,8.518597222
11/10/2013,8.41456875
11/11/2013,8.276162847
11/12/2013,8.230647569
11/13/2013,8.206403125
11/14/2013,8.154261111
11/15/2013,8.121518056
11/16/2013,8.120610764
11/17/2013,7.986427431
11/18/2013,7.903847917
11/19/2013,7.899282639
11/20/2013,7.776624306
11/21/2013,7.656088889
11/22/2013,7.490932986
11/23/2013,7.374269792
11/24/2013,7.274819097
11/25/2013,7.211734375
11/26/2013,7.144974653
11/27/2013,7.082258333
11/28/2013,6.964190278
11/29/2013,6.869841319
11/30/2013,6.792687847
12/1/2013,6.880635417
12/2/2013,6.726934722
12/3/2013,6.748257292
12/4/2013,6.666302778
12/5/2013,6.507611806
12/6/2013,6.348515625
12/7/2013,6.145765972
12/8/2013,5.954949306
12/9/2013,5.803267708
12/10/2013,5.679525694
12/11/2013,5.584455556
12/12/2013,5.466923264
12/13/2013,5.376310417
12/14/2013,5.347218056
12/15/2013,5.336346875
12/16/2013,5.321170139
12/17/2013,5.267777083
12/18/2013,5.130643056
12/19/2013,5.109904861
12/20/2013,4.980959722
12/21/2013,4.903201389
12/22/2013,4.870645833
12/23/2013,4.84646875
12/24/2013,4.798279167
12/25/2013,4.748671181
12/26/2013,4.700959722
12/27/2013,4.676879861
12/28/2013,4.572794097
12/29/2013,4.505313194
12/30/2013,4.522936806
12/31/2013,4.530620139
1/1/2014,4.456054861
1/2/2014,4.537807292
1/3/2014,4.469899653
1/4/2014,4.384684375
1/5/2014,4.299085069
1/6/2014,4.122494792
1/7/2014,4.059586458
1/8/2014,4.055229861
1/9/2014,4.027522917
1/10/2014,4.015615625
1/11/2014,3.975418403
1/12/2014,3.960021181
1/13/2014,3.874448958
1/14/2014,3.802961458
1/15/2014,3.894899306
1/16/2014,3.871332639
1/17/2014,3.859239583
1/18/2014,3.833706944
1/19/2014,3.807025
1/20/2014,3.770758681
1/21/2014,3.749845833
1/22/2014,3.735004167
1/23/2014,3.709684028
1/24/2014,3.672507639
1/25/2014,3.658639583
1/26/2014,3.652365972
1/27/2014,3.631270139
1/28/2014,3.6281
1/29/2014,3.644531597
1/30/2014,3.65883125
1/31/2014,3.655869792
2/1/2014,3.618407639
2/2/2014,3.587007986
2/3/2014,3.537811111
2/4/2014,3.461094097
2/5/2014,3.347748958
2/6/2014,3.248565625
2/7/2014,3.242688542
2/8/2014,3.101256597
2/9/2014,3.085130208
2/10/2014,2.857078819
2/11/2014,2.799239931
2/12/2014,2.606400694
2/13/2014,2.774171528
2/14/2014,2.712858333
2/15/2014,2.683785417
2/16/2014,2.763399653
2/17/2014,2.793094097
2/18/2014,2.792902778
2/19/2014,2.850603125
2/20/2014,2.837113194
2/21/2014,2.846370833
2/22/2014,2.830768056
2/23/2014,2.883646181
2/24/2014,2.935457292
2/25/2014,2.892235764
2/26/2014,2.823129514
2/27/2014,2.787877083
2/28/2014,2.799453819
3/1/2014,2.845824306
3/2/2014,2.899845833
3/3/2014,2.813235764
3/4/2014,2.845144444
3/5/2014,2.843113194
3/6/2014,2.895804514
3/7/2014,2.960634028
3/8/2014,2.883161458
3/9/2014,2.933797917
3/10/2014,3.001931944
3/11/2014,3.075198264
3/12/2014,3.133642014
3/13/2014,3.247064931
3/14/2014,3.307713194
3/15/2014,3.399424306
3/16/2014,3.412596875
3/17/2014,3.591853125
3/18/2014,3.495465972
3/19/2014,3.540551042
3/20/2014,3.603699653
3/21/2014,3.615834722
3/22/2014,3.67839375
3/23/2014,3.715080556
3/24/2014,3.750760417
3/25/2014,3.825180208
3/26/2014,3.880694097
3/27/2014,3.923446181
3/28/2014,3.968419444
3/29/2014,4.000731597
3/30/2014,4.014280903
3/31/2014,4.086073264
4/1/2014,4.142296528
4/2/2014,4.179830903
4/3/2014,4.271638542
4/4/2014,4.284951042
4/5/2014,4.279179861
4/6/2014,4.317348611
4/7/2014,4.346631597
4/8/2014,4.370207986
4/9/2014,4.323189931
4/10/2014,4.35104375
4/11/2014,4.464222917
4/12/2014,4.393051736
4/13/2014,4.565223958
4/14/2014,4.690012153
4/15/2014,4.585572569
4/16/2014,4.656463542
4/17/2014,4.616385764
4/18/2014,4.836998958
4/19/2014,5.104093056
4/20/2014,4.985045486
4/21/2014,5.243323958
4/22/2014,5.028059375
4/23/2014,5.127802431
4/24/2014,5.117204861
4/25/2014,5.029995833
4/26/2014,5.114353125
4/27/2014,5.07783125
4/28/2014,5.055616667
4/29/2014,5.066148958
4/30/2014,5.058970139
5/1/2014,5.10536875
5/2/2014,5.145140972
5/3/2014,5.231899306
5/4/2014,5.16823125
5/5/2014,5.213646875
5/6/2014,5.248978472
5/7/2014,5.207153819
5/8/2014,5.253869444
5/9/2014,5.318266319
5/10/2014,5.31251875
5/11/2014,5.302012153
5/12/2014,5.362839583
5/13/2014,5.356840972
5/14/2014,5.363788194
5/15/2014,5.420150694
5/16/2014,5.446566667
5/17/2014,5.450583681
5/18/2014,5.461680208
5/19/2014,5.538617708
5/20/2014,5.506080903
5/21/2014,5.540830903
5/22/2014,5.553047917
5/23/2014,5.583853819
5/24/2014,5.629503125
5/25/2014,5.622980556
5/26/2014,5.627306597
5/27/2014,5.603390625
5/28/2014,5.644113542
5/29/2014,5.693082639
5/30/2014,5.710261111
5/31/2014,5.714016319
6/1/2014,5.791564236
6/2/2014,5.813386806
6/3/2014,5.853298958
6/4/2014,5.874584028
6/5/2014,5.880829514
6/6/2014,5.941777778
6/7/2014,5.962585417
6/8/2014,5.992410417
6/9/2014,6.008009028
6/10/2014,6.026416319
6/11/2014,6.041778472
6/12/2014,6.047279514
6/13/2014,6.070897222
6/14/2014,6.096505556
6/15/2014,6.078599306
6/16/2014,6.073479861
6/17/2014,6.110944097
6/18/2014,6.117196181
6/19/2014,6.156817708
6/20/2014,6.143379514
6/21/2014,6.169102083
6/22/2014,6.207405208
6/23/2014,6.249092361
6/24/2014,6.251025
6/25/2014,6.270959722
6/26/2014,6.331176736
6/27/2014,6.325272222
6/28/2014,6.330094792
6/29/2014,6.397083681
6/30/2014,6.343088889
7/1/2014,6.381896528
7/2/2014,6.402585069
7/3/2014,6.436060417
7/4/2014,6.467009722
7/5/2014,6.475056597
7/6/2014,6.472724306
7/7/2014,6.503686111
7/8/2014,6.564425
7/9/2014,6.562395833
7/10/2014,6.566371181
7/11/2014,6.597651736
7/12/2014,6.588664931
7/13/2014,6.603718056
7/14/2014,6.643922222
7/15/2014,6.651624306
7/16/2014,6.663405903
7/17/2014,6.710139236
7/18/2014,6.733359375
7/19/2014,6.701795486
7/20/2014,6.734978125
7/21/2014,6.735794792
7/22/2014,6.740917708
7/23/2014,6.731557986
7/24/2014,6.856317014
7/25/2014,6.899511458
7/26/2014,6.965781597
7/27/2014,7.014817014
7/28/2014,7.029711806
7/29/2014,7.097072222
7/30/2014,7.129277083
7/31/2014,7.974553125
8/1/2014,8.05638125
8/2/2014,8.045371528
8/3/2014,8.074334722
8/4/2014,8.108596181
8/5/2014,8.109053472
8/6/2014,8.1260875
8/7/2014,8.163517708
8/8/2014,8.192344444
8/9/2014,8.324891667
8/10/2014,8.439325694
8/11/2014,8.508938889
8/12/2014,8.513529167
8/13/2014,8.617622222
8/14/2014,8.576430208
8/15/2014,8.586104861
8/16/2014,8.847698958
8/17/2014,8.736389583
8/18/2014,8.997319444
8/19/2014,8.99985
8/20/2014,9.186099306
8/21/2014,9.251310764
8/22/2014,9.270412153
8/23/2014,9.507435069
8/24/2014,9.473123264
8/25/2014,9.625962847
8/26/2014,9.66109375
8/27/2014,9.705184028
8/28/2014,9.783263194
8/29/2014,12.21500104
8/30/2014,12.3372191
8/31/2014,12.5705566
9/1/2014,12.49097639
9/2/2014,12.52867535
9/3/2014,12.70717118
9/4/2014,12.93410799
9/5/2014,13.04221563
9/6/2014,13.04271146
9/7/2014,12.97166632
9/8/2014,13.03177257
9/9/2014,12.99040347
9/10/2014,12.98561632
9/11/2014,12.93651285
9/12/2014,13.0357375
9/13/2014,12.81575625
9/14/2014,12.80537083
9/15/2014,12.73522778
9/16/2014,12.58693611
9/17/2014,14.89064375
9/18/2014,14.96111632
9/19/2014,14.84505625
9/20/2014,14.85754861
9/21/2014,14.79639132
9/22/2014,14.88902778
9/23/2014,14.81730938
9/24/2014,15.0752809
9/25/2014,15.08806111
9/26/2014,15.10022604
9/27/2014,14.85157361
9/28/2014,14.62330799
9/29/2014,14.5455809
9/30/2014,14.52198576
10/1/2014,14.48481875
10/2/2014,14.47068611
10/3/2014,14.50640035
10/4/2014,14.43373438
10/5/2014,14.45902222
10/6/2014,14.45214757
10/7/2014,14.55669896
10/8/2014,14.57481771
10/9/2014,14.57907014
10/10/2014,14.57489549
10/11/2014,14.57186632
10/12/2014,14.73422118
10/13/2014,14.88298368
10/14/2014,14.57463333
10/15/2014,14.20800868
10/16/2014,13.77369653
10/17/2014,13.66446354
10/18/2014,12.94721146
10/19/2014,12.46633715
10/20/2014,12.29487188
10/21/2014,12.25754583
10/22/2014,11.91851597
10/23/2014,11.18355243
10/24/2014,10.87085347
10/25/2014,10.85541806
10/26/2014,10.54980208
10/27/2014,10.32907292
10/28/2014,10.22075625
10/29/2014,9.923349306
10/30/2014,9.894641319
10/31/2014,9.702819444
11/1/2014,9.672732986
11/2/2014,9.532058333
11/3/2014,9.566872569
11/4/2014,9.337428472
11/5/2014,9.301675694
11/6/2014,9.186698611
11/7/2014,9.222125
11/8/2014,9.112444444
11/9/2014,9.081737153
11/10/2014,9.050195486
11/11/2014,8.935884375
11/12/2014,8.732993056
11/13/2014,8.522728125
11/14/2014,8.289965972
11/15/2014,8.061958681
11/16/2014,7.862362847
11/17/2014,7.709294792
11/18/2014,7.597517014
11/19/2014,7.538112847
11/20/2014,7.503635069
11/21/2014,7.392813194
11/22/2014,7.068480556
11/23/2014,6.955956944
11/24/2014,6.936181597
11/25/2014,6.922567708
11/26/2014,6.8139
11/27/2014,6.622878125
11/28/2014,6.596498611
11/29/2014,6.668512847
11/30/2014,6.509447222
12/1/2014,6.365690972
12/2/2014,6.174463889
12/3/2014,6.029192708
12/4/2014,5.909263889
12/5/2014,5.742825
12/6/2014,5.716420486
12/7/2014,5.396521875
12/8/2014,5.648551389
12/9/2014,5.454548611
12/10/2014,5.926616319
12/11/2014,6.437647917
12/12/2014,6.520494792
12/13/2014,6.773277431
12/14/2014,6.692451389
12/15/2014,6.553750347
12/16/2014,6.283885069
12/17/2014,6.128067014
12/18/2014,5.960273264
12/19/2014,5.954713194
12/20/2014,5.982926736
12/21/2014,6.075465625
12/22/2014,5.882282639
12/23/2014,5.905850694
12/24/2014,5.874887153
12/25/2014,5.816607292
12/26/2014,5.788048611
12/27/2014,5.753116319
12/28/2014,5.672207986
12/29/2014,5.585780903
12/30/2014,5.4685125
12/31/2014,5.380313889
1/1/2015,5.297727778
1/2/2015,5.218638889
1/3/2015,5.148105556
1/4/2015,5.080079861
1/5/2015,4.975974306
1/6/2015,4.889970833
1/7/2015,4.907407639
1/8/2015,4.711193403
1/9/2015,4.743359028
1/10/2015,4.657104167
1/11/2015,4.564478125
1/12/2015,4.543818056
1/13/2015,4.535007292
1/14/2015,4.539799306
1/15/2015,4.489682986
1/16/2015,4.425330556
1/17/2015,4.469204167
1/18/2015,4.442032639
1/19/2015,4.442836458
1/20/2015,4.485432986
1/21/2015,4.473438194
1/22/2015,4.493590625
1/23/2015,4.515499653
1/24/2015,4.536529861
1/25/2015,4.706785417
1/26/2015,4.805194792
1/27/2015,4.762590972
1/28/2015,4.69623125
1/29/2015,4.884266667
1/30/2015,4.954327431
1/31/2015,4.918982639
2/1/2015,4.904461806
2/2/2015,4.890737847
2/3/2015,4.840427778
2/4/2015,4.887881944
2/5/2015,5.008210764
2/6/2015,4.996888889
2/7/2015,5.583755903
2/8/2015,5.68650625
2/9/2015,6.20035625
2/10/2015,6.054622569
2/11/2015,6.148521875
2/12/2015,6.098888194
2/13/2015,6.031140278
2/14/2015,6.050364931
2/15/2015,6.1785125
2/16/2015,6.295753472
2/17/2015,6.282444097
2/18/2015,6.149933333
2/19/2015,6.004720486
2/20/2015,5.997074653
2/21/2015,6.080940625
2/22/2015,6.166214236
2/23/2015,6.089282986
2/24/2015,6.179845833
2/25/2015,6.169904167
2/26/2015,6.12568125
2/27/2015,6.136858333
2/28/2015,6.189133681
3/1/2015,6.129504861
3/2/2015,6.067191319
3/3/2015,6.067194444
3/4/2015,5.985242014
3/5/2015,5.951884375
3/6/2015,5.917136458
3/7/2015,5.921664583
3/8/2015,5.940461806
3/9/2015,5.892816667
3/10/2015,5.873747222
3/11/2015,5.896298611
3/12/2015,5.920790972
3/13/2015,5.983735764
3/14/2015,5.856887153
3/15/2015,6.035761111
3/16/2015,5.934462153
3/17/2015,5.967623958
3/18/2015,5.983486806
3/19/2015,6.021474306
3/20/2015,5.948234028
3/21/2015,6.180241667
3/22/2015,6.320356944
3/23/2015,6.215338542
3/24/2015,6.184712153
3/25/2015,6.218892014
3/26/2015,6.180701042
3/27/2015,6.210730556
3/28/2015,6.18989375
3/29/2015,6.252625
3/30/2015,6.160753125
3/31/2015,6.207245486
4/1/2015,6.217748264
4/2/2015,6.128147917
4/3/2015,6.166977431
4/4/2015,6.15895625
4/5/2015,6.289680208
4/6/2015,6.256062847
4/7/2015,6.207882639
4/8/2015,6.223761806
4/9/2015,6.210611458
4/10/2015,6.226947569
4/11/2015,6.278739931
4/12/2015,6.229700873
4/13/2015,6.3
4/14/2015,6.3
4/15/2015,6.4
4/16/2015,6.4
4/17/2015,6.3
4/18/2015,6.4
4/19/2015,6.4
4/20/2015,6.5
4/21/2015,6.4
4/22/2015,6.5
4/23/2015,6.6
4/24/2015,6.6
4/25/2015,6.5
4/26/2015,6.6
4/27/2015,6.6
4/28/2015,6.7
4/29/2015,6.7
4/30/2015,6.8
5/1/2015,6.9
5/2/2015,6.9
5/3/2015,7
5/4/2015,7
5/5/2015,7
5/6/2015,7.1
5/7/2015,7
5/8/2015,7
5/9/2015,7.2
5/10/2015,7.1
5/11/2015,7.1
5/12/2015,7.2
5/13/2015,7.3
5/14/2015,7.2
5/15/2015,7.2
5/16/2015,7.2
5/17/2015,7.1
5/18/2015,7.2
5/19/2015,7.1
5/20/2015,7.2
5/21/2015,7.2
5/22/2015,7.3
5/23/2015,7.2
5/24/2015,7.2
5/25/2015,7.3
5/26/2015,7.5
5/27/2015,7.5
5/28/2015,7.6
5/29/2015,7.7
5/30/2015,7.8
5/31/2015,7.8
6/1/2015,7.8
6/2/2015,7.9
6/3/2015,7.9
6/4/2015,8
6/5/2015,8
6/6/2015,8
6/7/2015,8.1
6/8/2015,8.2
6/9/2015,8.2
6/10/2015,8.3
6/11/2015,8.5
6/12/2015,8.5
6/13/2015,8.6
6/14/2015,8.7
6/15/2015,8.8
6/16/2015,8.8
6/17/2015,8.9
6/18/2015,8.9
6/19/2015,9
6/20/2015,9
6/21/2015,9.1
6/22/2015,9.1
6/23/2015,9.1
6/24/2015,9.2
6/25/2015,9.2
6/26/2015,9.2
6/27/2015,9.2
6/28/2015,9.1
6/29/2015,9.2
6/30/2015,9.2
7/1/2015,9.3
7/2/2015,9.3
7/3/2015,9.3
7/4/2015,9.4
7/5/2015,9.5
7/6/2015,9.4
7/7/2015,9.5
7/8/2015,9.4
7/9/2015,9.5
7/10/2015,9.7
7/11/2015,9.7
7/12/2015,9.8
7/13/2015,9.8
7/14/2015,10
7/15/2015,10.02
7/16/2015,10.1
7/17/2015,10.12
7/18/2015,10.25
7/19/2015,10.23
7/20/2015,10.4
7/21/2015,10.44294667
7/22/2015,10.90947778
7/23/2015,11.06699063
7/24/2015,11.23654375
7/25/2015,11.45447118
7/26/2015,11.62036146
7/27/2015,12.06018611
7/28/2015,12.4751559
7/29/2015,12.75451319
7/30/2015,13.02959271
7/31/2015,13.43236701
8/1/2015,13.82044132
8/2/2015,14.08014549
8/3/2015,14.34376354
8/4/2015,14.4358059
8/5/2015,14.54035625
8/6/2015,14.68489722
8/7/2015,14.99527361
8/8/2015,15.20961181
8/9/2015,15.02274722
8/10/2015,15.12642118
8/11/2015,15.14403264
8/12/2015,15.54
8/13/2015,16.35
8/14/2015,16.6352066
8/15/2015,16.53357743
8/16/2015,16.5925191
8/17/2015,16.60717951
8/18/2015,16.48615764
8/19/2015,16.56378889
8/20/2015,16.43941806
8/21/2015,16.42658854
8/22/2015,16.4534316
8/23/2015,16.41789167
8/24/2015,16.33068333
8/25/2015,16.31963958
8/26/2015,16.29463854
8/27/2015,16.24273958
8/28/2015,16.22046493
8/29/2015,16.21141181
8/30/2015,16.49044236
8/31/2015,15.56
9/1/2015,13.39411597
9/2/2015,13.92073472
9/3/2015,14.21437049
9/4/2015,14.14038819
9/5/2015,14.065475
9/6/2015,14.00132882
9/7/2015,14.00463333
9/8/2015,13.99154514
9/9/2015,13.9944434
9/10/2015,13.94274965
9/11/2015,13.99543958
9/12/2015,13.99084688
9/13/2015,13.99705903
9/14/2015,14.00927396
9/15/2015,14.01067014
9/16/2015,13.98254132
9/17/2015,13.99238646
9/18/2015,13.99378021
9/19/2015,13.96090417
9/20/2015,13.79326528
9/21/2015,13.45844826
9/22/2015,13.28081042
9/23/2015,13.17449375
9/24/2015,13.10942049
9/25/2015,13.06407882
9/26/2015,12.93019028
9/27/2015,12.85334688
9/28/2015,12.78595486
9/29/2015,12.72790868
9/30/2015,12.70942222
10/1/2015,12.67426944
10/2/2015,12.65547674
10/3/2015,12.65564271
10/4/2015,12.61705243
10/5/2015,12.63122326
10/6/2015,12.59811875
10/7/2015,12.6020184
10/8/2015,12.57341528
10/9/2015,12.57019271
10/10/2015,12.57355903
10/11/2015,12.56896354
10/12/2015,12.4911375
10/13/2015,12.45059236
10/14/2015,12.39604097
10/15/2015,12.33710139
10/16/2015,12.28887153
10/17/2015,12.22463611
10/18/2015,12.2269375
10/19/2015,12.20052604
10/20/2015,12.21981146
10/21/2015,12.26799931
10/22/2015,12.25634965
10/23/2015,12.34562049
10/24/2015,12.28952951
10/25/2015,12.30702465
10/26/2015,12.24427465
10/27/2015,12.21706701
10/28/2015,12.21732014
10/29/2015,12.09397847
10/30/2015,11.97160972
10/31/2015,11.8045559
11/1/2015,11.44284674
11/2/2015,11.21845347
11/3/2015,10.85931007
11/4/2015,10.68296319
11/5/2015,10.52335799
11/6/2015,10.47842188
11/7/2015,10.19724236
11/8/2015,9.669465972
11/9/2015,9.306298958
11/10/2015,9.152402083
11/11/2015,9.015471528
11/12/2015,8.882863889
11/13/2015,8.828129514
11/14/2015,8.191647569
11/15/2015,7.892675694
11/16/2015,7.814119097
11/17/2015,7.864695486
11/18/2015,7.550484722
11/19/2015,7.310468403
11/20/2015,7.105603472
11/21/2015,6.978714583
11/22/2015,6.883670486
11/23/2015,6.669151389
11/24/2015,6.61976875
11/25/2015,6.644030903
11/26/2015,6.477234722
11/27/2015,6.351390972
11/28/2015,6.229909722
11/29/2015,6.113185764
11/30/2015,5.994428819
12/1/2015,5.925060069
12/2/2015,5.901317361
12/3/2015,5.804855208
12/4/2015,5.617677431
12/5/2015,5.545778472
12/6/2015,5.559061111
12/7/2015,5.534375694
12/8/2015,5.574512847
12/9/2015,5.696080903
12/10/2015,5.759895139
12/11/2015,5.724413194
12/12/2015,5.755998264
12/13/2015,5.661334375
12/14/2015,5.612498958
12/15/2015,5.581520833
12/16/2015,5.525316667
12/17/2015,5.411232986
12/18/2015,5.329992361
12/19/2015,5.315357986
12/20/2015,5.258797222
12/21/2015,5.219017708
12/22/2015,5.182943056
12/23/2015,5.112723264
12/24/2015,5.036344444
12/25/2015,4.980641667
12/26/2015,4.946325694
12/27/2015,4.872090972
12/28/2015,4.798373611
12/29/2015,4.753288542
12/30/2015,4.681533681
12/31/2015,4.549322569
1/1/2016,4.438525347
1/2/2016,4.341101389
1/3/2016,4.174808681
1/4/2016,4.079076389
1/5/2016,4.015578819
1/6/2016,3.981997222
1/7/2016,3.941683333
1/8/2016,3.899842708
1/9/2016,3.853182639
1/10/2016,3.778891667
1/11/2016,3.731136806
1/12/2016,3.682246528
1/13/2016,3.645549653
1/14/2016,3.507619097
1/15/2016,3.436443403
1/16/2016,3.417234375
1/17/2016,3.492195833
1/18/2016,3.501401042
1/19/2016,3.551800694
1/20/2016,3.598917014
1/21/2016,3.600285069
1/22/2016,3.671953125
1/23/2016,3.69409375
1/24/2016,3.712102083
1/25/2016,3.719713542
1/26/2016,3.746117014
1/27/2016,3.815922917
1/28/2016,3.929824653
1/29/2016,4.106589931
1/30/2016,4.096367361
1/31/2016,4.135806944
2/1/2016,4.10655625
2/2/2016,4.049402431
2/3/2016,4.034213542
2/4/2016,4.059772222
2/5/2016,4.037660417
2/6/2016,4.050573958
2/7/2016,4.045870486
2/8/2016,4.040321528
2/9/2016,4.090104167
2/10/2016,4.129354861
2/11/2016,4.141797917
2/12/2016,4.173026389
2/13/2016,4.178049653
2/14/2016,4.264336806
2/15/2016,4.287494444
2/16/2016,4.3315875
2/17/2016,4.408137153
2/18/2016,4.426118403
2/19/2016,4.423569792
2/20/2016,4.475359722
2/21/2016,4.45738125
2/22/2016,4.391677083
2/23/2016,4.394010764
2/24/2016,4.422424306
2/25/2016,4.446433333
2/26/2016,4.48664375
2/27/2016,4.493130903
2/28/2016,4.525844097
3/1/2016,4.627101389
3/2/2016,4.605329514
3/3/2016,4.638205208
3/4/2016,4.620697222
3/5/2016,4.637684722
3/6/2016,4.709334722
3/7/2016,4.732634028
3/8/2016,4.768050694
3/9/2016,4.866658681
3/10/2016,4.841157292
3/11/2016,4.861195486
3/12/2016,4.861587153
3/13/2016,4.820355903
3/14/2016,4.812818056
3/15/2016,4.767731944
3/16/2016,4.765066319
3/17/2016,4.768773264
3/18/2016,4.783179167
3/19/2016,4.799279167
3/20/2016,4.885318403
3/21/2016,4.879028125
3/22/2016,4.853993403
3/23/2016,4.823689236
3/24/2016,4.778856597
3/25/2016,4.825519444
3/26/2016,4.867522917
3/27/2016,4.847118056
3/28/2016,4.813751042
3/29/2016,4.867907639
3/30/2016,4.895302778
3/31/2016,4.8836375
4/1/2016,4.908233333
4/2/2016,4.982653819
4/3/2016,5.028184375
4/4/2016,4.960522222
4/5/2016,5.116798611
4/6/2016,5.014003472
4/7/2016,5.099441667
4/8/2016,5.061461806
4/9/2016,5.145363542
4/10/2016,5.154740278
4/11/2016,5.167854514
4/12/2016,5.190425347
4/13/2016,5.177781944
4/14/2016,5.223522569
4/15/2016,5.344655556
4/16/2016,5.300918403
4/17/2016,5.301189236
4/18/2016,5.393652778
4/19/2016,5.441022569
4/20/2016,5.488182639
4/21/2016,5.492676736
4/22/2016,5.514107986
4/23/2016,5.512504861
4/24/2016,5.49511875
4/25/2016,5.549822917
4/26/2016,5.642452431
4/27/2016,5.71076875
4/28/2016,5.692982292
4/29/2016,5.727864583
4/30/2016,5.746397222
5/1/2016,5.785095139
5/2/2016,5.851265278
5/3/2016,5.858125694
5/4/2016,5.870413889
5/5/2016,5.886994792
5/6/2016,5.917786458
5/7/2016,5.978079167
5/8/2016,6.028814583
5/9/2016,6.022975
5/10/2016,6.067518056
5/11/2016,6.117703819
5/12/2016,6.114583333
5/13/2016,6.126014583
5/14/2016,6.195538889
5/15/2016,6.198938194
5/16/2016,6.227284722
5/17/2016,6.182041319
5/18/2016,6.201261111
5/19/2016,6.232907639
5/20/2016,6.272604167
5/21/2016,6.316230903
5/22/2016,6.340181944
5/23/2016,6.381671528
5/24/2016,6.373651736
5/25/2016,6.374304861
5/26/2016,6.413834028
5/27/2016,6.430522569
5/28/2016,6.453319097
5/29/2016,6.449129167
5/30/2016,6.47764375
5/31/2016,6.579779514
6/1/2016,6.610730903
6/2/2016,6.637802431
6/3/2016,6.602788542
6/4/2016,6.631225694
6/5/2016,6.756197569
6/6/2016,6.717325694
6/7/2016,6.745141319
6/8/2016,6.755353125
6/9/2016,6.743489236
6/10/2016,6.809755903
6/11/2016,6.847481944
6/12/2016,6.853905208
6/13/2016,6.872016319
6/14/2016,6.895365972
6/15/2016,6.962250347
6/16/2016,6.992782292
6/17/2016,7.101421528
6/18/2016,7.113318056
6/19/2016,7.144335764
6/20/2016,7.123331597
6/21/2016,7.210459028
6/22/2016,7.213295139
6/23/2016,7.234626389
6/24/2016,7.250128472
6/25/2016,7.276447569
6/26/2016,7.307138542
6/27/2016,7.427828125
6/28/2016,7.412244097
6/29/2016,7.422028819
6/30/2016,7.466862847
7/1/2016,7.500947917
7/2/2016,7.527335764
7/3/2016,7.583296181
7/4/2016,7.620888542
7/5/2016,7.628402431
7/6/2016,7.692795486
7/7/2016,7.725379861
7/8/2016,7.720573264
7/9/2016,7.789297222
7/10/2016,7.914392014
7/11/2016,7.969804861
7/12/2016,7.954724653
7/13/2016,7.985745486
7/14/2016,8.089732986
7/15/2016,8.220534722
7/16/2016,8.239511458
7/17/2016,8.242343056
7/18/2016,8.329426389
7/19/2016,8.474584722
7/20/2016,8.344358681
7/21/2016,8.517777431
7/22/2016,8.575955903
7/23/2016,8.606295139
7/24/2016,8.613300347
7/25/2016,8.681391319
7/26/2016,8.751177778
7/27/2016,8.700764236
7/28/2016,8.786226389
7/29/2016,8.768519097
7/30/2016,8.701975694
7/31/2016,9.449617708
8/1/2016,9.533452083
8/2/2016,9.491687153
8/3/2016,9.415735417
8/4/2016,9.461697222
8/5/2016,9.566814931
8/6/2016,9.583851389
8/7/2016,9.500903819
8/8/2016,9.530159028
8/9/2016,9.468474306
8/10/2016,9.553280903
8/11/2016,10.71910382
8/12/2016,10.82480139
8/13/2016,10.68948785
8/14/2016,10.76256701
8/15/2016,10.65584236
8/16/2016,10.69786736
8/17/2016,10.62092813
8/18/2016,10.64896632
8/19/2016,10.69190868
8/20/2016,10.64318507
8/21/2016,12.0328809
8/22/2016,12.02407153
8/23/2016,11.98442917
8/24/2016,11.98948125
8/25/2016,12.00807639
8/26/2016,11.91883611
8/27/2016,11.89670347
8/28/2016,11.82090486
8/29/2016,12.03
8/30/2016,12.64
8/31/2016,12.87244792
9/1/2016,12.91860104
9/2/2016,13.25810903
9/3/2016,15.35838299
9/4/2016,16.00434861
9/5/2016,16.23116215
9/6/2016,16.29852951
9/7/2016,17.04347396
9/8/2016,17.00156146
9/9/2016,16.94064375
9/10/2016,16.83312465
9/11/2016,16.80113403
9/12/2016,17.43409479
9/13/2016,17.22570451
9/14/2016,17.11693403
9/15/2016,17.0263875
9/16/2016,16.81182986
9/17/2016,16.85719097
9/18/2016,16.54139722
9/19/2016,16.31858368
9/20/2016,15.88400972
9/21/2016,15.86384965
9/22/2016,15.83701632
9/23/2016,15.53754896
9/24/2016,15.38047813
9/25/2016,15.20555625
9/26/2016,14.98212292
9/27/2016,14.68231979
9/28/2016,14.73430799
9/29/2016,14.75035486
9/30/2016,14.68505625
10/1/2016,14.52096528
10/2/2016,14.41907813
10/3/2016,14.23245521
10/4/2016,14.01370278
10/5/2016,13.96460139
10/6/2016,13.73327431
10/7/2016,13.13673611
10/8/2016,12.75967083
10/9/2016,11.94805174
10/10/2016,11.89505174
10/11/2016,11.68108785
10/12/2016,11.39805382
10/13/2016,11.30665174
10/14/2016,10.87588403
10/15/2016,10.17277049
10/16/2016,9.666401736
10/17/2016,9.377778125
10/18/2016,9.058086111
10/19/2016,8.958723264
10/20/2016,9.093439236
10/21/2016,9.026559028
10/22/2016,8.971911458
10/23/2016,9.024932292
10/24/2016,9.019301389
10/25/2016,8.849360417
10/26/2016,8.9
10/27/2016,8.715623264
10/28/2016,8.745303125
10/29/2016,8.777709722
10/30/2016,8.703685417
10/31/2016,8.622854514
11/1/2016,8.608286806
11/2/2016,8.518282986
11/3/2016,8.40036875
11/4/2016,8.430784375
11/5/2016,8.293745139
11/6/2016,8.296675
11/7/2016,8.368791667
11/8/2016,8.438147222
11/9/2016,8.344268403
11/10/2016,8.501553819
11/11/2016,8.492617361
11/12/2016,8.449001042
11/13/2016,8.573640278
11/14/2016,8.482754167
11/15/2016,8.401259028
11/16/2016,8.2
11/17/2016,8.1
11/18/2016,8
11/19/2016,8
11/20/2016,7.8
11/21/2016,7.8
11/22/2016,7.6
11/23/2016,7.5
11/24/2016,7.3
11/25/2016,7.1
11/26/2016,7
11/27/2016,6.8
11/28/2016,6.5
11/29/2016,6.6
11/30/2016,6.5
12/1/2016,6.3
12/2/2016,6.1
12/3/2016,6
12/4/2016,6
12/5/2016,5.8
12/6/2016,5.7
12/7/2016,5.8
12/8/2016,5.7
12/9/2016,5.5
12/10/2016,5.5
12/11/2016,5.3
12/12/2016,5.2
12/13/2016,5
12/14/2016,4.7
12/15/2016,4.4
12/16/2016,4.2
12/17/2016,4
12/18/2016,4
12/19/2016,4
12/20/2016,3.9
12/21/2016,3.8
12/22/2016,3.7
12/23/2016,3.5
12/24/2016,3.5
12/25/2016,3.4
12/26/2016,3.4
12/27/2016,3.3
12/28/2016,3.3
12/29/2016,3.2
12/30/2016,3.3
12/31/2016,3.3
1/1/2017,3.391185764
1/2/2017,3.144344792
1/3/2017,2.972331944
1/4/2017,2.811923611
1/5/2017,2.591096181
1/6/2017,2.512434722
1/7/2017,2.376157639
1/8/2017,2.329572569
1/9/2017,2.456798611
1/10/2017,2.371173611
1/11/2017,2.156137153
1/12/2017,2.127903472
1/13/2017,2.161419097
1/14/2017,2.106797917
1/15/2017,2.175204167
1/16/2017,2.062787153
1/17/2017,1.777550347
1/18/2017,1.943742708
1/19/2017,2.026523611
1/20/2017,2.282025
1/21/2017,2.358708681
1/22/2017,2.392052778
1/23/2017,2.375440625
1/24/2017,2.607942014
1/25/2017,2.703156944
1/26/2017,2.748070486
1/27/2017,2.618863194
1/28/2017,2.538035417
1/29/2017,2.644327083
1/30/2017,2.729259375
1/31/2017,2.529090972
2/1/2017,2.495333681
2/2/2017,2.453408681
2/3/2017,2.508046181
2/4/2017,2.556243056
2/5/2017,2.532550694
2/6/2017,2.502260069
2/7/2017,2.559132639
2/8/2017,2.542432986
2/9/2017,2.50319375
2/10/2017,2.535540278
2/11/2017,2.453088194
2/12/2017,2.389666667
2/13/2017,2.310222569
2/14/2017,2.220934375
2/15/2017,2.438116319
2/16/2017,2.691538889
2/17/2017,2.769994792
2/18/2017,2.785595486
2/19/2017,2.878169097
2/20/2017,2.958422569
2/21/2017,2.984267708
2/22/2017,3.020459375
2/23/2017,3.0407375
2/24/2017,3.076763194
2/25/2017,3.038693403
2/26/2017,3.067276389
2/27/2017,3.059259028
2/28/2017,3.058735069
3/1/2017,3.075315972
3/2/2017,3.047218056
3/3/2017,3.094629861
3/4/2017,3.095544792
3/5/2017,3.101681944
3/6/2017,3.099976042
3/7/2017,3.110599653
3/8/2017,3.058247569
3/9/2017,3.015605208
3/10/2017,2.989386806
3/11/2017,2.994686458
3/12/2017,3.021143403
3/13/2017,3.024076736
3/14/2017,3.049741667
3/15/2017,3.051634375
3/16/2017,3.074462153
3/17/2017,3.069842708
3/18/2017,3.121307986
3/19/2017,3.178699306
3/20/2017,3.179922917
3/21/2017,3.257708333
3/22/2017,3.313900347
3/23/2017,3.354006944
3/24/2017,3.366218056
3/25/2017,3.403036458
3/26/2017,3.457392361
3/27/2017,3.483467361
3/28/2017,3.519880556
3/29/2017,3.531280208
3/30/2017,3.50513125
3/31/2017,3.554225347
4/1/2017,3.622628472
4/2/2017,3.725758333
4/3/2017,3.758308333
4/4/2017,3.847001736
4/5/2017,3.915348958
4/6/2017,3.986378125
4/7/2017,3.990997917
4/8/2017,4.01580625
4/9/2017,4.015298264
4/10/2017,3.999802778
4/11/2017,4.044674306
4/12/2017,4.154069097
4/13/2017,4.166523958
4/14/2017,4.175786111
4/15/2017,4.181136458
4/16/2017,4.303699306
4/17/2017,4.356944097
4/18/2017,4.304244444
4/19/2017,4.473996875
4/20/2017,4.429567708
4/21/2017,4.424041667
4/22/2017,4.618128819
4/23/2017,4.533367708
4/24/2017,4.535636111
4/25/2017,4.535945833
4/26/2017,4.554271181
4/27/2017,4.578534375
4/28/2017,4.714708681
4/29/2017,4.678148611
4/30/2017,4.667116319
5/1/2017,4.719863542
5/2/2017,4.717102431
5/3/2017,4.740928472
5/4/2017,4.717063542
5/5/2017,4.86384375
5/6/2017,4.906246875
5/7/2017,4.882177778
5/8/2017,4.892826389
5/9/2017,4.900892014
5/10/2017,4.930124306
5/11/2017,4.909244097
5/12/2017,5.079672917
5/13/2017,5.011698264
5/14/2017,5.085928472
5/15/2017,5.034146875
5/16/2017,5.010454514
5/17/2017,5.032548264
5/18/2017,5.028328472
5/19/2017,5.011840278
5/20/2017,5.032035069
5/21/2017,5.087629514
5/22/2017,5.101853819
5/23/2017,5.159489236
5/24/2017,5.186409722
5/25/2017,5.265094792
5/26/2017,5.247854514
5/27/2017,5.324327083
5/28/2017,5.388871181
5/29/2017,5.401268056
5/30/2017,5.441103472
5/31/2017,5.489727778
6/1/2017,5.417952778
6/2/2017,5.487341667
6/3/2017,5.493740625
6/4/2017,5.534874653
6/5/2017,5.561308333
6/6/2017,5.642146528
6/7/2017,5.667075347
6/8/2017,5.679626389
6/9/2017,5.696180208
6/10/2017,5.751396528
6/11/2017,5.782155903
6/12/2017,5.816461458
6/13/2017,5.839860417
6/14/2017,5.855319792
6/15/2017,5.849963194
6/16/2017,5.944200347
6/17/2017,5.945590278
6/18/2017,5.943979167
6/19/2017,6.000634375
6/20/2017,5.963101042
6/21/2017,6.050940972
6/22/2017,6.097798611
6/23/2017,6.139060417
6/24/2017,6.165522569
6/25/2017,6.171894792
6/26/2017,6.159254167
6/27/2017,6.175865625
6/28/2017,6.200105208
6/29/2017,6.245009028
6/30/2017,6.243538542
7/1/2017,6.272868056
7/2/2017,6.293089931
7/3/2017,6.293735764
7/4/2017,6.317177431
7/5/2017,6.335888889
7/6/2017,6.346335069
7/7/2017,6.377519444
7/8/2017,6.398818056
7/9/2017,6.406471181
7/10/2017,6.419628819
7/11/2017,6.444202778
7/12/2017,6.473778819
7/13/2017,6.526460764
7/14/2017,6.540969792
7/15/2017,6.532212847
7/16/2017,6.573884375
7/17/2017,6.587734028
7/18/2017,6.589488889
7/19/2017,6.606522569
7/20/2017,6.636325694
7/21/2017,6.656321181
7/22/2017,6.661631597
7/23/2017,6.729848611
7/24/2017,6.662747222
7/25/2017,6.727673958
7/26/2017,6.75245
7/27/2017,6.792877083
7/28/2017,6.769127431
7/29/2017,6.777239583
7/30/2017,6.822019097
7/31/2017,6.832116319
8/1/2017,7.293598611
8/2/2017,7.264146528
8/3/2017,7.312301042
8/4/2017,7.333595486
8/5/2017,7.381969097
8/6/2017,7.392611458
8/7/2017,7.447888542
8/8/2017,7.474947917
8/9/2017,7.478093056
8/10/2017,7.510326736
8/11/2017,7.528779167
8/12/2017,7.555626736
8/13/2017,7.566102083
8/14/2017,7.517196181
8/15/2017,8.906752778
8/16/2017,9.358418056
8/17/2017,9.62546875
8/18/2017,9.959842014
8/19/2017,10.04143438
8/20/2017,12.16750313
8/21/2017,12.32974618
8/22/2017,12.4941375
8/23/2017,12.58155
8/24/2017,13.89258889
8/25/2017,13.96570313
8/26/2017,14.07748472
8/27/2017,15.30180556
8/28/2017,15.30178889
8/29/2017,15.43015625
8/30/2017,15.42803924
8/31/2017,15.36442361
9/1/2017,16.98069549
9/2/2017,17.08361285
9/3/2017,17.26588472
9/4/2017,17.46617083
9/5/2017,17.44432326
9/6/2017,17.56288646
9/7/2017,17.53652639
9/8/2017,17.48853056
9/9/2017,17.47362083
9/10/2017,17.18508993
9/11/2017,17.07652083
9/12/2017,16.94468333
9/13/2017,16.90910347
9/14/2017,16.66511319
9/15/2017,16.47355938
9/16/2017,16.20507951
9/17/2017,15.95376354
9/18/2017,15.61820521
9/19/2017,15.20259167
9/20/2017,14.91359549
9/21/2017,14.74054444
9/22/2017,14.55955069
9/23/2017,14.39945868
9/24/2017,14.27215868
9/25/2017,14.16065313
9/26/2017,14.03186875
9/27/2017,14.01281493
9/28/2017,13.89383056
9/29/2017,13.88161354
9/30/2017,13.86523715
10/1/2017,13.83859653
10/2/2017,13.81109549
10/3/2017,13.93220833
10/4/2017,13.93191215
10/5/2017,13.90492188
10/6/2017,13.77251146
10/7/2017,13.63002465
10/8/2017,13.41306875
10/9/2017,13.26444306
10/10/2017,13.12063889
10/11/2017,13.00126007
10/12/2017,12.85981181
10/13/2017,12.69721771
10/14/2017,12.48971563
10/15/2017,12.33350972
10/16/2017,12.30633889
10/17/2017,11.77548194
10/18/2017,10.70006111
10/19/2017,10.05547396
10/20/2017,9.714536806
10/21/2017,9.721587153
10/22/2017,9.282441319
10/23/2017,9.106858681
10/24/2017,8.94298125
10/25/2017,8.824447569
10/26/2017,8.856742708
10/27/2017,8.806349306
10/28/2017,8.784073958
10/29/2017,8.757025
10/30/2017,9.013559722
10/31/2017,8.913597222
11/1/2017,8.791308681
11/2/2017,8.710839583
11/3/2017,8.596667014
11/4/2017,8.468477778
11/5/2017,8.302343403
11/6/2017,8.097648958
11/7/2017,7.953847569
11/8/2017,7.821962153
11/9/2017,7.788853125
11/10/2017,7.745845139
11/11/2017,7.731837153
11/12/2017,7.524736111
11/13/2017,7.230306944
11/14/2017,7.038666667
11/15/2017,6.813351042
11/16/2017,6.693057986
11/17/2017,6.547178472
11/18/2017,6.508689583
11/19/2017,6.425538889
11/20/2017,6.320860764
11/21/2017,6.210721528
11/22/2017,5.567525347
11/23/2017,5.305623611
11/24/2017,5.233768403
11/25/2017,5.328673958
11/26/2017,5.407897222
11/27/2017,5.356360764
11/28/2017,5.340034722
11/29/2017,5.337038889
11/30/2017,5.323867014
12/1/2017,5.273441667
12/2/2017,5.246627431
12/3/2017,5.169164931
12/4/2017,5.103005903
12/5/2017,5.054242361
12/6/2017,4.992650347
12/7/2017,4.911021875
12/8/2017,4.8352
12/9/2017,4.773367014
12/10/2017,4.748246181
12/11/2017,4.712720833
12/12/2017,4.634025
12/13/2017,4.589775
12/14/2017,4.567674306
12/15/2017,4.489121528
12/16/2017,4.425583681
12/17/2017,4.459886111
12/18/2017,4.404366319
12/19/2017,4.389913889
12/20/2017,4.304164236
12/21/2017,4.217072917
12/22/2017,4.144140972
12/23/2017,4.029832292
12/24/2017,3.861715625
12/25/2017,3.854128125
12/26/2017,3.930948264
12/27/2017,3.761466667
12/28/2017,3.569414931
12/29/2017,3.60791875
12/30/2017,3.634046875
12/31/2017,3.443757639
1/1/2018,3.4
1/2/2018,3.4
1/3/2018,3.45
1/4/2018,3.4
1/5/2018,3.3
1/6/2018,3.3
1/7/2018,3.4
1/8/2018,3.3
1/9/2018,3.3
1/10/2018,3.2
1/11/2018,3.3
1/12/2018,3.3
1/13/2018,3.2
1/14/2018,3.3
1/15/2018,3.3
1/16/2018,3.2
1/17/2018,3.3
1/18/2018,3.3
1/19/2018,3.3
1/20/2018,3.1
1/21/2018,3.1
1/22/2018,3.1
1/23/2018,3.2
1/24/2018,3.1
1/25/2018,3.1
1/26/2018,3.2
1/27/2018,3.1
1/28/2018,3.1
1/29/2018,3.2
1/30/2018,3.3
1/31/2018,3.3
2/1/2018,3.3
2/2/2018,3.1
2/3/2018,3.1
2/4/2018,3.1
2/5/2018,3.2
2/6/2018,3.1
2/7/2018,3.1
2/8/2018,3.2
2/9/2018,3.1
2/10/2018,3.1
2/11/2018,3.2
2/12/2018,3.3
2/13/2018,3.3
2/14/2018,3.3
2/15/2018,3.1
2/16/2018,3.1
2/17/2018,3.1
2/18/2018,3.2
2/19/2018,3.1
2/20/2018,3.1
2/21/2018,3.2
2/22/2018,3.1
2/23/2018,3.1
2/24/2018,3.2
2/25/2018,3.3
2/26/2018,3.3
2/27/2018,3.3
2/28/2018,3.1
3/1/2018,3.1
3/2/2018,3.1
3/3/2018,3.2
3/4/2018,3.1
3/5/2018,3.1
3/6/2018,3.2
3/7/2018,3.1
3/8/2018,3.1
3/9/2018,3.2
3/10/2018,3.3
3/11/2018,3.3
3/12/2018,3.4
3/13/2018,3.3
3/14/2018,3.4
3/15/2018,3.4
3/16/2018,3.4
3/17/2018,3.5
3/18/2018,3.4
3/19/2018,3.5
3/20/2018,3.5
3/21/2018,3.54
3/22/2018,3.56
3/23/2018,3.59
3/24/2018,3.56
3/25/2018,3.54
3/26/2018,3.55
3/27/2018,3.6
3/28/2018,3.64
3/29/2018,3.69
3/30/2018,3.76
3/31/2018,3.78
4/1/2018,3.87
4/2/2018,3.95
4/3/2018,4
4/4/2018,4.06
4/5/2018,4.16
4/6/2018,4.21
4/7/2018,4.25
4/8/2018,4.2
4/9/2018,4.18
4/10/2018,4.31
4/11/2018,4.31
4/12/2018,4.33
4/13/2018,4.31
4/14/2018,4.33
4/15/2018,4.4
4/16/2018,4.36
4/17/2018,4.32
4/18/2018,4.4
4/19/2018,4.54
4/20/2018,4.41
4/21/2018,4.47
4/22/2018,4.49
4/23/2018,4.63
4/24/2018,4.72
4/25/2018,4.63
4/26/2018,4.75
4/27/2018,4.83
4/28/2018,5.09
4/29/2018,4.95
4/30/2018,4.94
5/1/2018,4.89
5/2/2018,4.89
5/3/2018,4.97
5/4/2018,5.08
5/5/2018,4.95
5/6/2018,5.11
5/7/2018,5.12
5/8/2018,5.15
5/9/2018,5.2
5/10/2018,5.12
5/11/2018,5.21
5/12/2018,5.28
5/13/2018,5.29
5/14/2018,5.35
5/15/2018,5.39
5/16/2018,5.41
5/17/2018,5.4
5/18/2018,5.41
5/19/2018,5.42
5/20/2018,5.44
5/21/2018,5.44
5/22/2018,5.49
5/23/2018,5.57
5/24/2018,5.59
5/25/2018,5.61
5/26/2018,5.65
5/27/2018,5.69
5/28/2018,5.73
5/29/2018,5.73
5/30/2018,5.78
5/31/2018,5.81
6/1/2018,5.85
6/2/2018,5.86
6/3/2018,5.87
6/4/2018,5.9
6/5/2018,5.92
6/6/2018,5.94
6/7/2018,5.96
6/8/2018,5.97
6/9/2018,6
6/10/2018,5.99
6/11/2018,6.03
6/12/2018,6.08
6/13/2018,6.09
6/14/2018,6.06
6/15/2018,6.18
6/16/2018,6.16
6/17/2018,6.16
6/18/2018,6.25
6/19/2018,6.21
6/20/2018,6.24
6/21/2018,6.26
6/22/2018,6.34
6/23/2018,6.36
6/24/2018,6.35
6/25/2018,6.38
6/26/2018,6.43
6/27/2018,6.42
6/28/2018,6.49
6/29/2018,6.47
6/30/2018,6.52
7/1/2018,6.54
7/2/2018,6.58
7/3/2018,6.6
7/4/2018,6.61
7/5/2018,6.62
7/6/2018,6.69
7/7/2018,6.65
7/8/2018,6.7
7/9/2018,6.74
7/10/2018,6.78
7/11/2018,6.76
7/12/2018,6.78
7/13/2018,6.84
7/14/2018,6.83
7/15/2018,6.85
7/16/2018,6.89
7/17/2018,6.9
7/18/2018,6.91
7/19/2018,6.96
7/20/2018,6.94
7/21/2018,6.99
7/22/2018,6.97
7/23/2018,7
7/24/2018,7.45
7/25/2018,7.48
7/26/2018,7.51
7/27/2018,7.53
7/28/2018,7.55
7/29/2018,7.6
7/30/2018,7.59
7/31/2018,7.62
8/1/2018,7.64
8/2/2018,7.58
8/3/2018,7.6
8/4/2018,7.56
8/5/2018,7.66
8/6/2018,7.68
8/7/2018,7.64
8/8/2018,7.69
8/9/2018,8.71
8/10/2018,8.66
8/11/2018,8.75
8/12/2018,8.67
8/13/2018,8.62
8/14/2018,8.65
8/15/2018,8.75
8/16/2018,8.77
8/17/2018,8.79
8/18/2018,8.82
8/19/2018,8.77
8/20/2018,8.71
8/21/2018,8.7
8/22/2018,8.75
8/23/2018,8.79
8/24/2018,8.7
8/25/2018,8.63
8/26/2018,10.91
8/27/2018,10.89
8/28/2018,11.04
8/29/2018,10.95
8/30/2018,10.95
8/31/2018,10.92
9/1/2018,10.96
9/2/2018,10.87
9/3/2018,10.9
9/4/2018,10.93
9/5/2018,10.92
9/6/2018,10.9
9/7/2018,10.74
9/8/2018,10.58
9/9/2018,10.64
9/10/2018,10.71
9/11/2018,11.13
9/12/2018,11.78
9/13/2018,11.95
9/14/2018,12.12
9/15/2018,13.06
9/16/2018,14.16
9/17/2018,13.55
9/18/2018,13.46
9/19/2018,13.38
9/20/2018,13.32
9/21/2018,13.3
9/22/2018,13.03
9/23/2018,12.83
9/24/2018,12.7
9/25/2018,12.66
9/26/2018,12.61
9/27/2018,12.59
9/28/2018,12.57
9/29/2018,12.57
9/30/2018,12.51
10/1/2018,12.33
10/2/2018,12.17
10/3/2018,12.07
10/4/2018,11.83
10/5/2018,11.87
10/6/2018,11.67
10/7/2018,11.48
10/8/2018,11.36
10/9/2018,11.35
10/10/2018,11.25
10/11/2018,11.28
10/12/2018,11.24
10/13/2018,11.28
10/14/2018,11.38
10/15/2018,11.31
10/16/2018,11.27
10/17/2018,11.24
10/18/2018,11.17
10/19/2018,11.16
10/20/2018,11.02
10/21/2018,11.1
10/22/2018,11.09
10/23/2018,11.02
10/24/2018,10.9
10/25/2018,10.9
10/26/2018,10.81
10/27/2018,10.7
10/28/2018,10.57
10/29/2018,10.4
10/30/2018,10.18
10/31/2018,9.99
11/1/2018,9.77
11/2/2018,9.63
11/3/2018,9.6
11/4/2018,9.49
11/5/2018,9.32
11/6/2018,9.18
11/7/2018,9.19
11/8/2018,9.17
11/9/2018,9
11/10/2018,8.93
11/11/2018,8.92
11/12/2018,8.81
11/13/2018,8.72
11/14/2018,8.6
11/15/2018,8.37
11/16/2018,8.31
11/17/2018,8.38
11/18/2018,8.21
11/19/2018,8.1
11/20/2018,8.01
11/21/2018,7.97
11/22/2018,7.78
11/23/2018,7.53
11/24/2018,7.34
11/25/2018,7.36
11/26/2018,7.32
11/27/2018,6.9
11/28/2018,6.9
11/29/2018,6.89
11/30/2018,6.81
12/1/2018,6.77
12/2/2018,6.81
12/3/2018,6.71
12/4/2018,6.59
12/5/2018,6.47
12/6/2018,6.31
12/7/2018,6.16
12/8/2018,6.07
12/9/2018,6.03
12/10/2018,5.83
12/11/2018,5.74
12/12/2018,5.5
12/13/2018,5.52
12/14/2018,5.46
12/15/2018,5.17
12/16/2018,5.15
12/17/2018,4.95
12/18/2018,4.87
12/19/2018,4.88
12/20/2018,4.97
12/21/2018,4.97
12/22/2018,4.9
12/23/2018,4.85
12/24/2018,4.82
12/25/2018,4.78
12/26/2018,4.74
12/27/2018,4.62
12/28/2018,4.58
12/29/2018,4.49
12/30/2018,4.41
12/31/2018,4.27
1/1/2019,4.03
1/2/2019,4.04
1/3/2019,3.96
1/4/2019,3.81
1/5/2019,3.59
1/6/2019,3.63
1/7/2019,3.67
1/8/2019,3.6
1/9/2019,3.61
1/10/2019,3.63
1/11/2019,3.65
1/12/2019,3.67
1/13/2019,3.72
1/14/2019,3.71
1/15/2019,3.66
1/16/2019,3.6
1/17/2019,3.57
1/18/2019,3.65
1/19/2019,3.67
1/20/2019,3.66
1/21/2019,3.68
1/22/2019,3.71
1/23/2019,3.71
1/24/2019,3.73
1/25/2019,3.73
1/26/2019,3.7
1/27/2019,3.69
1/28/2019,3.67
1/29/2019,3.64
1/30/2019,3.61
1/31/2019,3.61
2/1/2019,3.65
2/2/2019,3.68
2/3/2019,3.73
2/4/2019,3.66
2/5/2019,3.58
2/6/2019,3.35
2/7/2019,3.46
2/8/2019,3.44
2/9/2019,2.98
2/10/2019,2.92
2/11/2019,2.75
2/12/2019,2.83
2/13/2019,2.8
2/14/2019,2.79
2/15/2019,2.79
2/16/2019,2.84
2/17/2019,2.83
2/18/2019,2.77
2/19/2019,2.72
2/20/2019,2.63
2/21/2019,2.43
2/22/2019,2.65
2/23/2019,2.6
2/24/2019,2.37
2/25/2019,2.37
2/26/2019,2.29
2/27/2019,2.3
2/28/2019,2.37
3/1/2019,2.19
3/2/2019,2.25
3/3/2019,2.29
3/4/2019,2.26
3/5/2019,2.25
3/6/2019,2.31
3/7/2019,2.41
3/8/2019,2.33
3/9/2019,2.23
3/10/2019,2.32
3/11/2019,2.39
3/12/2019,2.41
3/13/2019,2.45
3/14/2019,2.47
3/15/2019,2.53
3/16/2019,2.61
3/17/2019,2.69
3/18/2019,2.79
3/19/2019,2.89
3/20/2019,3
3/21/2019,3.14
3/22/2019,3.28
3/23/2019,3.42
3/24/2019,3.42
3/25/2019,3.48
3/26/2019,3.61
3/27/2019,3.61
3/28/2019,3.78
3/29/2019,3.9
3/30/2019,4.07
3/31/2019,4.2
4/1/2019,4.42
4/2/2019,4.5
4/3/2019,4.39
4/4/2019,4.41
4/5/2019,4.54
4/6/2019,4.45
4/7/2019,4.69
4/8/2019,4.86
4/9/2019,4.62
4/10/2019,4.67
4/11/2019,4.72
4/12/2019,4.69
4/13/2019,4.65
4/14/2019,4.69
4/15/2019,4.67
4/16/2019,4.74
4/17/2019,4.69
4/18/2019,4.78
4/19/2019,4.76
4/20/2019,5
4/21/2019,4.86
4/22/2019,4.96
4/23/2019,4.84
4/24/2019,5.03
4/25/2019,4.89
4/26/2019,4.91
4/27/2019,5
4/28/2019,5
4/29/2019,5.2
4/30/2019,5.3
5/1/2019,5.3
5/2/2019,5.4
5/3/2019,5.4
5/4/2019,5.4975
5/5/2019,5.519166667
5/6/2019,5.712916667
5/7/2019,5.743333333
5/8/2019,5.795833333
5/9/2019,5.80875
5/10/2019,5.827916667
5/11/2019,5.96375
5/12/2019,5.959583333
5/13/2019,5.939583333
5/14/2019,5.92875
5/15/2019,5.9625
5/16/2019,5.970416667
5/17/2019,5.988333333
5/18/2019,6.05375
5/19/2019,6.073333333
5/20/2019,6.185416667
5/21/2019,6.11
5/22/2019,6.166666667
5/23/2019,6.284583333
5/24/2019,6.285416667
5/25/2019,6.25625
5/26/2019,6.285
5/27/2019,6.303333333
5/28/2019,6.39625
5/29/2019,6.066666667
5/30/2019,6.09
5/31/2019,6.099583333
6/1/2019,6.087916667
6/2/2019,6.121666667
6/3/2019,6.119583333
6/4/2019,6.172083333
6/5/2019,6.158333333
6/6/2019,6.180833333
6/7/2019,6.219583333
6/8/2019,6.2025
6/9/2019,6.245833333
6/10/2019,6.249583333
6/11/2019,6.25875
6/12/2019,6.3
6/13/2019,6.31375
6/14/2019,6.332083333
6/15/2019,6.316666667
6/16/2019,6.345416667
6/17/2019,6.374166667
6/18/2019,6.350416667
6/19/2019,6.394166667
6/20/2019,6.382916667
6/21/2019,6.41
6/22/2019,6.410416667
6/23/2019,6.414166667
6/24/2019,6.44375
6/25/2019,6.395416667
6/26/2019,6.4175
6/27/2019,6.464583333
6/28/2019,6.444166667
6/29/2019,6.494583333
6/30/2019,6.407083333
7/1/2019,6.47
7/2/2019,6.511666667
7/3/2019,6.465833333
7/4/2019,6.467083333
7/5/2019,6.489166667
7/6/2019,6.483333333
7/7/2019,6.450833333
7/8/2019,6.48
7/9/2019,6.466666667
7/10/2019,6.6025
7/11/2019,6.552083333
7/12/2019,6.60875
7/13/2019,6.64375
7/14/2019,6.70875
7/15/2019,6.669166667
7/16/2019,6.712916667
7/17/2019,6.81375
7/18/2019,6.794583333
7/19/2019,6.874166667
7/20/2019,7.0075
7/21/2019,6.9
7/22/2019,6.93
7/23/2019,6.915833333
7/24/2019,6.861666667
7/25/2019,6.929583333
7/26/2019,7.21
7/27/2019,7.45
7/28/2019,7.89
7/29/2019,8.54
7/30/2019,8.98
7/31/2019,9.18
8/1/2019,9.65
8/2/2019,10.09
8/3/2019,10.78
8/4/2019,11.23
8/5/2019,12.09
8/6/2019,12.87208333
8/7/2019,12.925
8/8/2019,12.95791667
8/9/2019,13.12875
8/10/2019,13.11583333
8/11/2019,13.09708333
8/12/2019,13.26041667
8/13/2019,13.30708333
8/14/2019,13.33833333
8/15/2019,13.28583333
8/16/2019,13.42375
8/17/2019,13.49666667
8/18/2019,13.42541667
8/19/2019,13.33708333
8/20/2019,13.46916667
8/21/2019,13.50875
8/22/2019,13.54625
8/23/2019,13.595
8/24/2019,13.67916667
8/25/2019,13.61833333
8/26/2019,13.61916667
8/27/2019,13.69541667
8/28/2019,13.4525
8/29/2019,13.42
8/30/2019,13.37791667
8/31/2019,13.25041667
9/1/2019,13.20666667
9/2/2019,13.12041667
9/3/2019,13.035
9/4/2019,13.07
9/5/2019,13.175
9/6/2019,12.78541667
9/7/2019,12.82833333
9/8/2019,13.03541667
9/9/2019,13.10791667
9/10/2019,13.34541667
9/11/2019,13.4725
9/12/2019,13.75458333
9/13/2019,14.13666667
9/14/2019,15.88875
9/15/2019,15.60625
9/16/2019,14.94666667
9/17/2019,14.83791667
9/18/2019,14.44875
9/19/2019,14.09125
9/20/2019,13.89416667
9/21/2019,13.84666667
9/22/2019,13.83708333
9/23/2019,13.68
9/24/2019,13.52416667
9/25/2019,13.38583333
9/26/2019,13.28083333
9/27/2019,13.19333333
9/28/2019,13.13
9/29/2019,13.19208333
9/30/2019,13.00791667
10/1/2019,12.95541667
10/2/2019,12.79541667
10/3/2019,12.73166667
10/4/2019,12.60916667
10/5/2019,12.50708333
10/6/2019,12.47208333
10/7/2019,12.33541667
10/8/2019,12.22916667
10/9/2019,12.17833333
10/10/2019,12.00666667
10/11/2019,11.83208333
10/12/2019,11.74583333
10/13/2019,11.6225
10/14/2019,11.5825
10/15/2019,11.57083333
10/16/2019,11.5275
10/17/2019,11.0025
10/18/2019,10.3825
10/19/2019,10.12375
10/20/2019,9.88
10/21/2019,9.729166667
10/22/2019,9.48625
10/23/2019,9.337916667
10/24/2019,9.192916667
10/25/2019,9.17375
10/26/2019,9.187083333
10/27/2019,9.285833333
10/28/2019,9.12875
10/29/2019,9.0525
10/30/2019,8.900833333
10/31/2019,8.771666667
11/1/2019,8.662083333
11/2/2019,8.58125
11/3/2019,8.526666667
11/4/2019,8.437083333
11/5/2019,8.387083333
11/6/2019,8.3325
11/7/2019,8.30875
11/8/2019,8.253333333
11/9/2019,8.175833333
11/10/2019,8.129583333
11/11/2019,8.206666667
11/12/2019,8.21
11/13/2019,8.08
11/14/2019,8.180416667
11/15/2019,8.087916667
11/16/2019,8.073333333
11/17/2019,8.017916667
11/18/2019,7.925833333
11/19/2019,7.92125
11/20/2019,7.986666667
11/21/2019,7.855833333
11/22/2019,7.75
11/23/2019,7.676666667
11/24/2019,7.633333333
11/25/2019,7.51125
11/26/2019,7.342083333
11/27/2019,7.201666667
11/28/2019,6.99625
11/29/2019,6.859166667
11/30/2019,6.695
12/1/2019,6.525416667
12/2/2019,6.41375
12/3/2019,6.362083333
12/4/2019,6.31875
12/5/2019,6.219583333
12/6/2019,6.200416667
12/7/2019,5.905416667
12/8/2019,5.76625
12/9/2019,5.822083333
12/10/2019,5.840833333
12/11/2019,5.726521739
12/12/2019,5.8675
12/13/2019,5.87
12/14/2019,5.520833333
12/15/2019,5.650416667
12/16/2019,5.688333333
12/17/2019,5.567916667
12/18/2019,5.521666667
12/19/2019,5.47
12/20/2019,5.441666667
12/21/2019,5.426666667
12/22/2019,5.394583333
12/23/2019,5.288333333
12/24/2019,5.19375
12/25/2019,5.152916667
12/26/2019,5.075416667
12/27/2019,4.990416667
12/28/2019,4.9175
12/29/2019,4.902083333
12/30/2019,4.865833333
12/31/2019,4.850833333
1/1/2020,4.885416667
1/2/2020,4.829166667
1/3/2020,4.790416667
1/4/2020,4.684166667
1/5/2020,4.660416667
1/6/2020,4.562083333
1/7/2020,4.538333333
1/8/2020,4.387391304
1/9/2020,4.409166667
1/10/2020,4.318333333
1/11/2020,4.211666667
1/12/2020,4.114166667
1/13/2020,4.146666667
1/14/2020,4.141666667
1/15/2020,3.734583333
1/16/2020,3.695
1/17/2020,3.5825
1/18/2020,3.478333333
1/19/2020,3.311666667
1/20/2020,3.304166667
1/21/2020,3.304166667
1/22/2020,3.263333333
1/23/2020,3.279166667
1/24/2020,3.262083333
1/25/2020,3.287083333
1/26/2020,3.363333333
1/27/2020,3.424583333
1/28/2020,3.437916667
1/29/2020,3.54875
1/30/2020,3.505833333
1/31/2020,3.590833333
2/1/2020,3.710416667
2/2/2020,3.750416667
2/3/2020,3.75375
2/4/2020,3.681666667
2/5/2020,3.55
2/6/2020,3.723913043
2/7/2020,3.724583333
2/8/2020,3.614166667
2/9/2020,3.4775
2/10/2020,3.638333333
2/11/2020,3.592083333
2/12/2020,3.547916667
2/13/2020,3.460416667
2/14/2020,3.454166667
2/15/2020,3.46
2/16/2020,3.445833333
2/17/2020,3.486666667
2/18/2020,3.35125
2/19/2020,3.37125
2/20/2020,3.37875
2/21/2020,3.37875
2/22/2020,3.427083333
2/23/2020,3.46375
2/24/2020,3.490833333
2/25/2020,3.432916667
2/26/2020,3.478333333
2/27/2020,3.497916667
2/28/2020,3.54625
3/1/2020,3.561666667
3/2/2020,3.625
3/3/2020,3.596666667
3/4/2020,3.638333333
3/5/2020,3.624166667
3/6/2020,3.689166667
3/7/2020,3.65625
3/8/2020,3.65375
3/9/2020,3.691666667
3/10/2020,3.717916667
3/11/2020,3.675833333
3/12/2020,3.64
3/13/2020,3.601666667
3/14/2020,3.577916667
3/15/2020,3.620833333
3/16/2020,3.655
3/17/2020,3.709583333
3/18/2020,3.777083333
3/19/2020,3.849583333
3/20/2020,3.96125
3/21/2020,4.037916667
3/22/2020,4.04
3/23/2020,4.06875
3/24/2020,4.2125
3/25/2020,4.28125
3/26/2020,4.272916667
3/27/2020,4.246666667
3/28/2020,4.246363636
3/29/2020,4.377916667
3/30/2020,4.384166667
3/31/2020,4.397083333
4/1/2020,4.302916667
4/2/2020,4.471666667
4/3/2020,4.559166667
4/4/2020,4.523333333
4/5/2020,4.485833333
4/6/2020,4.625416667
4/7/2020,4.671666667
4/8/2020,4.549583333
4/9/2020,4.591666667
4/10/2020,4.65625
4/11/2020,4.690416667
4/12/2020,4.764166667
4/13/2020,4.7825
4/14/2020,4.8
4/15/2020,4.88875
4/16/2020,4.964166667
4/17/2020,4.952083333
4/18/2020,4.900416667
4/19/2020,4.997916667
4/20/2020,5.025
4/21/2020,5.034583333
4/22/2020,5.095
4/23/2020,5.038333333
4/24/2020,5.089166667
4/25/2020,5.164583333
4/26/2020,5.127083333
4/27/2020,5.07625
4/28/2020,5.25375
4/29/2020,5.226666667
4/30/2020,5.12875
5/1/2020,5.321666667
5/2/2020,5.255
5/3/2020,5.280833333
5/4/2020,5.359583333
5/5/2020,5.19625
5/6/2020,5.27625
5/7/2020,5.385416667
5/8/2020,5.41625
5/9/2020,5.475833333
5/10/2020,5.507916667
5/11/2020,5.422916667
5/12/2020,5.50625
5/13/2020,5.49375
5/14/2020,5.675
5/15/2020,5.51375
5/16/2020,5.585416667
5/17/2020,5.64375
5/18/2020,5.664583333
5/19/2020,5.629583333
5/20/2020,5.707083333
5/21/2020,5.705416667
5/22/2020,5.729166667
5/23/2020,5.73875
5/24/2020,5.78125
5/25/2020,5.838333333
5/26/2020,5.88
5/27/2020,5.852083333
5/28/2020,5.862083333
5/29/2020,5.90125
5/30/2020,5.870416667
5/31/2020,5.957916667
6/1/2020,5.948333333
6/2/2020,5.98875
6/3/2020,5.989166667
6/4/2020,6.067083333
6/5/2020,6.049166667
6/6/2020,6.065
6/7/2020,6.1
6/8/2020,6.10875
6/9/2020,6.130416667
6/10/2020,6.101666667
6/11/2020,6.132083333
6/12/2020,6.15875
6/13/2020,6.162916667
6/14/2020,6.191666667
6/15/2020,6.191666667
6/16/2020,6.22625
6/17/2020,6.234583333
6/18/2020,6.22375
6/19/2020,6.290416667
6/20/2020,6.256666667
6/21/2020,6.292608696
6/22/2020,6.293333333
6/23/2020,6.2775
6/24/2020,6.30375
6/25/2020,6.315416667
6/26/2020,6.318695652
6/27/2020,6.362916667
6/28/2020,6.339583333
6/29/2020,6.375833333
6/30/2020,6.36
7/1/2020,6.402083333
7/2/2020,6.400416667
7/3/2020,6.419166667
7/4/2020,6.389166667
7/5/2020,6.39375
7/6/2020,6.442916667
7/7/2020,6.429583333
7/8/2020,6.420833333
7/9/2020,6.467083333
7/10/2020,6.455416667
7/11/2020,6.534166667
7/12/2020,6.497083333
7/13/2020,6.539583333
7/14/2020,6.53625
7/15/2020,6.551666667
7/16/2020,6.550416667
7/17/2020,6.542916667
7/18/2020,6.556666667
7/19/2020,6.520416667
7/20/2020,6.575833333
7/21/2020,6.615
7/22/2020,6.582916667
7/23/2020,6.565
7/24/2020,6.579166667
7/25/2020,6.562916667
7/26/2020,6.6
7/27/2020,6.595
7/28/2020,6.563333333
7/29/2020,6.559166667
7/30/2020,6.56826087
7/31/2020,6.547083333
8/1/2020,6.87
8/2/2020,7.13
8/3/2020,7.45
8/4/2020,7.88
8/5/2020,8.2025
8/6/2020,8.305833333
8/7/2020,8.209166667
8/8/2020,8.435416667
8/9/2020,8.5675
8/10/2020,8.453333333
8/11/2020,8.572083333
8/12/2020,8.539166667
8/13/2020,8.648333333
8/14/2020,8.776666667
8/15/2020,8.8675
8/16/2020,8.845416667
8/17/2020,8.934166667
8/18/2020,9.059583333
8/19/2020,9.15875
8/20/2020,9.374583333
8/21/2020,9.665833333
8/22/2020,10.20666667
8/23/2020,10.30875
8/24/2020,10.39666667
8/25/2020,10.82708333
8/26/2020,11.12333333
8/27/2020,11.29833333
8/28/2020,11.45166667
8/29/2020,11.67
8/30/2020,12.07666667
8/31/2020,12.48291667
9/1/2020,12.475
9/2/2020,12.54541667
9/3/2020,12.89375
9/4/2020,13.13041667
9/5/2020,13.3
9/6/2020,13.19083333
9/7/2020,13.34875
9/8/2020,13.46625
9/9/2020,13.52125
9/10/2020,13.5775
9/11/2020,13.8
9/12/2020,13.81625
9/13/2020,13.84458333
9/14/2020,13.88375
9/15/2020,13.96666667
9/16/2020,13.93583333
9/17/2020,14.11666667
9/18/2020,14.01208333
9/19/2020,13.93916667
9/20/2020,14.14583333
9/21/2020,13.7875
9/22/2020,13.14666667
9/23/2020,12.56
9/24/2020,12.28625
9/25/2020,12.305
9/26/2020,12.2575
9/27/2020,12.25333333
9/28/2020,12.255
9/29/2020,12.27208333
9/30/2020,12.30125
10/1/2020,12.32208333
10/2/2020,12.3425
10/3/2020,12.38
10/4/2020,12.42583333
10/5/2020,12.48708333
10/6/2020,12.52583333
10/7/2020,12.64291667
10/8/2020,12.36166667
10/9/2020,11.98625
10/10/2020,11.71
10/11/2020,11.31125
10/12/2020,11.08416667
10/13/2020,10.965
10/14/2020,10.85083333
10/15/2020,10.79875
10/16/2020,10.73666667
10/17/2020,10.69541667
10/18/2020,10.65208333
10/19/2020,10.5975
10/20/2020,10.65208333
10/21/2020,10.49916667
10/22/2020,10.2925
10/23/2020,10.10083333
10/24/2020,10.02083333
10/25/2020,9.957916667
10/26/2020,9.7025
10/27/2020,9.50375
10/28/2020,9.45125
10/29/2020,9.335833333
10/30/2020,9.332083333
10/31/2020,9.194166667
11/1/2020,8.837083333
11/2/2020,8.941666667
11/3/2020,8.97625
11/4/2020,8.780833333
11/5/2020,8.639583333
11/6/2020,8.452083333
11/7/2020,8.325833333
11/8/2020,8.183333333
11/9/2020,8.039583333
11/10/2020,7.920833333
11/11/2020,7.549130435
11/12/2020,7.655
11/13/2020,7.419583333
11/14/2020,6.93
11/15/2020,6.713333333
11/16/2020,6.549583333
11/17/2020,6.550833333
11/18/2020,6.6225
11/19/2020,6.32125
11/20/2020,6.225
11/21/2020,6.179166667
11/22/2020,6.17125
11/23/2020,5.991666667
11/24/2020,5.992083333
11/25/2020,6.101666667
11/26/2020,5.942083333
11/27/2020,5.89125
11/28/2020,5.820416667
11/29/2020,5.797916667
11/30/2020,5.755416667
12/1/2020,5.646666667
12/2/2020,5.68625
12/3/2020,5.6
12/4/2020,5.430416667
12/5/2020,5.519166667
12/6/2020,5.424166667
12/7/2020,5.36375
12/8/2020,5.275416667
12/9/2020,5.2375
12/10/2020,5.193333333
12/11/2020,5.213333333
12/12/2020,5.1825
12/13/2020,5.07875
12/14/2020,4.945652174
12/15/2020,4.932916667
12/16/2020,4.823333333
12/17/2020,4.7175
12/18/2020,4.66625
12/19/2020,4.606521739
12/20/2020,4.497916667
12/21/2020,4.556666667
12/22/2020,4.501666667
12/23/2020,4.400416667
12/24/2020,4.394347826
12/25/2020,4.355833333
12/26/2020,4.21
12/27/2020,4.33
12/28/2020,4.15
12/29/2020,4.09
12/30/2020,3.98
12/31/2020,3.97
1/1/2021,4.1
1/2/2021,4.08
1/3/2021,4.1
1/4/2021,4.2
1/5/2021,4.2
1/6/2021,4.2
1/7/2021,4.25
1/8/2021,4.25
1/9/2021,4.2
1/10/2021,4.2
1/11/2021,4.2
1/12/2021,4.2
1/13/2021,4.2
1/14/2021,4.25
1/15/2021,4.25
1/16/2021,4.25
1/17/2021,4.25
1/18/2021,4.25
1/19/2021,4.25
1/20/2021,4.25
1/21/2021,4.2
1/22/2021,4.25
1/23/2021,4.2
1/24/2021,4.1
1/25/2021,4.05
1/26/2021,4
1/27/2021,3.9
1/28/2021,3.9
1/29/2021,3.9
1/30/2021,3.9
1/31/2021,3.9
2/1/2021,3.9
2/2/2021,3.85
2/3/2021,3.8
2/4/2021,3.75
2/5/2021,3.8
2/6/2021,3.75
2/7/2021,3.8
2/8/2021,3.75
2/9/2021,3.75
2/10/2021,3.75
2/11/2021,3.75
2/12/2021,3.75
2/13/2021,3.45
2/14/2021,3.6
2/15/2021,3.4
2/16/2021,3.4
2/17/2021,3.5
2/18/2021,3.35
2/19/2021,3.25
2/20/2021,3.3
2/21/2021,3.35
2/22/2021,3.25
2/23/2021,3.35
2/24/2021,3.35
2/25/2021,3.3
2/26/2021,3.35
2/27/2021,3.35
2/28/2021,3.3
3/1/2021,3.3
3/2/2021,3.35
3/3/2021,3.4
3/4/2021,3.4
3/5/2021,3.4
3/6/2021,3.5
3/7/2021,3.5
3/8/2021,3.55
3/9/2021,3.6
3/10/2021,3.6
3/11/2021,3.65
3/12/2021,3.65
3/13/2021,3.7
3/14/2021,3.8
3/15/2021,3.8
3/16/2021,3.85
3/17/2021,3.85
3/18/2021,3.95
3/19/2021,4
3/20/2021,4
3/21/2021,4.1
3/22/2021,4.1
3/23/2021,4.1
3/24/2021,4.1
3/25/2021,4.15
3/26/2021,4.2
3/27/2021,4.2
3/28/2021,4.3
3/29/2021,4.3
3/30/2021,4.3
3/31/2021,4.4
4/1/2021,4.4
4/2/2021,4.4
4/3/2021,4.45
4/4/2021,4.6
4/5/2021,4.6
4/6/2021,4.6
4/7/2021,4.65
4/8/2021,4.6
4/9/2021,4.6
4/10/2021,4.65
4/11/2021,4.75
4/12/2021,4.95
4/13/2021,4.95
4/14/2021,5.15
4/15/2021,5.2
4/16/2021,5.25
4/17/2021,5.35
4/18/2021,5.4
4/19/2021,5.4
4/20/2021,5.4
4/21/2021,5.35
4/22/2021,5.4
4/23/2021,5.5
4/24/2021,5.5
4/25/2021,5.5
4/26/2021,5.5
4/27/2021,5.4
4/28/2021,5.5
4/29/2021,5.55
4/30/2021,5.5
5/1/2021,5.6
5/2/2021,5.65
5/3/2021,5.6
5/4/2021,5.65
5/5/2021,5.65
5/6/2021,5.65
5/7/2021,5.65
5/8/2021,5.75
5/9/2021,5.75
5/10/2021,5.75
5/11/2021,5.8
5/12/2021,5.9
5/13/2021,5.95
5/14/2021,6.05
5/15/2021,6.15
5/16/2021,6.25
5/17/2021,6.3
5/18/2021,6.4
5/19/2021,6.55
5/20/2021,6.75
5/21/2021,6.85
5/22/2021,6.95
5/23/2021,7.05
5/24/2021,7.15
5/25/2021,7.2
5/26/2021,7.4
5/27/2021,7.45
5/28/2021,7.65
5/29/2021,7.8
5/30/2021,7.9
5/31/2021,8
6/1/2021,8.05
6/2/2021,8.15
6/3/2021,8.3
6/4/2021,8.4
6/5/2021,8.55
6/6/2021,8.55
6/7/2021,8.65
6/8/2021,8.75
6/9/2021,8.75
6/10/2021,8.85
6/11/2021,8.85
6/12/2021,8.9
6/13/2021,8.95
6/14/2021,9
6/15/2021,9.25
6/16/2021,9.3
6/17/2021,9.35
6/18/2021,9.4
6/19/2021,9.4
6/20/2021,9.45
6/21/2021,9.5
6/22/2021,9.55
6/23/2021,9.55
6/24/2021,9.65
6/25/2021,9.65
6/26/2021,9.75
6/27/2021,9.8
6/28/2021,9.95
6/29/2021,10
6/30/2021,10.05
7/1/2021,10.15
7/2/2021,10.15
7/3/2021,10.25
7/4/2021,10.3
7/5/2021,10.3
7/6/2021,10.3
7/7/2021,10.4
7/8/2021,10.4
7/9/2021,10.5
7/10/2021,10.5
7/11/2021,10.55
7/12/2021,10.6
7/13/2021,10.65
7/14/2021,10.65
7/15/2021,10.7
7/16/2021,10.75
7/17/2021,10.75
7/18/2021,10.75
7/19/2021,10.8
7/20/2021,10.9
7/21/2021,10.9
7/22/2021,10.9
7/23/2021,10.9
7/24/2021,10.9
7/25/2021,10.9
7/26/2021,10.95
7/27/2021,10.95
7/28/2021,10.95
7/29/2021,10.95
7/30/2021,10.95
7/31/2021,11.1
8/1/2021,11.14
8/2/2021,11.14
8/3/2021,11.14
8/4/2021,11.14
8/5/2021,11.2
8/6/2021,11.26
8/7/2021,11.225
8/8/2021,11.225
8/9/2021,11.29
8/10/2021,11.2425
8/11/2021,11.2425
8/12/2021,11.303
8/13/2021,11.35
8/14/2021,11.49
8/15/2021,11.56
8/16/2021,11.63
8/17/2021,11.7
8/18/2021,11.938
8/19/2021,12.126
8/20/2021,12.22
8/21/2021,12.314
8/22/2021,12.314
8/23/2021,12.408
8/24/2021,12.596
8/25/2021,12.69
8/26/2021,12.784
8/27/2021,13.066
8/28/2021,13.066
8/29/2021,13.348
8/30/2021,13.442
8/31/2021,13.63
9/1/2021,14.006
9/2/2021,14.006
9/3/2021,14.1
9/4/2021,14.1
9/5/2021,14.288
9/6/2021,14.476
9/7/2021,14.382
9/8/2021,14.288
9/9/2021,14.382
9/10/2021,14.288
9/11/2021,14.288
9/12/2021,14.288
9/13/2021,14.382
9/14/2021,14.194
9/15/2021,14.194
9/16/2021,14.382
9/17/2021,14.194
9/18/2021,13.7
9/19/2021,13.5
9/20/2021,13.5
9/21/2021,13.5
9/22/2021,13.5
9/23/2021,13.5
9/24/2021,13.5
9/25/2021,13.5
9/26/2021,13.5
9/27/2021,13.5
9/28/2021,13.4
9/29/2021,13
9/30/2021,12.2
10/1/2021,11.75
10/2/2021,11.75
10/3/2021,11.65
10/4/2021,11.65
10/5/2021,11.65
10/6/2021,11.65
10/7/2021,11.5
10/8/2021,11.4
10/9/2021,11.3
10/10/2021,11
10/11/2021,10.8
10/12/2021,10.75
10/13/2021,10.55276382
10/14/2021,10.35175879
10/15/2021,10.20100503
10/16/2021,9.648241206
10/17/2021,9.195979899
10/18/2021,9.095477387
10/19/2021,9.045226131
10/20/2021,8.894472362
10/21/2021,8.944723618
10/22/2021,8.844221106
10/23/2021,8.844221106
10/24/2021,8.743718593
10/25/2021,8.64321608
10/26/2021,8.492462312
10/27/2021,8.391959799
10/28/2021,8.341708543
10/29/2021,8.190954774
10/30/2021,8.291457286
10/31/2021,8.190954774
11/1/2021,8.090452261
11/2/2021,7.889447236
11/3/2021,7.889447236
11/4/2021,7.738693467
11/5/2021,7.889447236
11/6/2021,7.788944724
11/7/2021,7.688442211
11/8/2021,7.638190955
11/9/2021,7.336683417
11/10/2021,7.185929648
11/11/2021,7.185929648
11/12/2021,6.934673367
11/13/2021,6.733668342
11/14/2021,6.683417085
11/15/2021,6.331658291
11/16/2021,6.281407035
11/17/2021,6.180904523
11/18/2021,6.180904523
11/19/2021,6.030150754
11/20/2021,5.879396985
11/21/2021,5.929648241
11/22/2021,5.929648241
11/23/2021,5.829145729
11/24/2021,5.778894472
11/25/2021,5.778894472
11/26/2021,5.67839196
11/27/2021,5.67839196
11/28/2021,5.427135678
11/29/2021,5.577889447
11/30/2021,5.477386935
12/1/2021,5.67839196
12/2/2021,5.829145729
12/3/2021,5.778894472
12/4/2021,5.67839196
12/5/2021,5.67839196
12/6/2021,5.577889447
12/7/2021,5.527638191
12/8/2021,5.427135678
12/9/2021,5.376884422
12/10/2021,5.226130653
12/11/2021,5.175879397
12/12/2021,5.075376884
12/13/2021,5.075376884
12/14/2021,5.025125628
12/15/2021,4.974874372
12/16/2021,4.924623116
12/17/2021,4.824120603
12/18/2021,4.824120603
12/19/2021,4.72361809
12/20/2021,4.623115578
12/21/2021,4.522613065
12/22/2021,4.271356784
12/23/2021,4.221105528
12/24/2021,4.120603015
12/25/2021,4.120603015
12/26/2021,4.020100503
12/27/2021,3.718592965
12/28/2021,3.366834171
12/29/2021,3.51758794
12/30/2021,3.316582915
12/31/2021,3.316582915
1/1/2022,3
1/2/2022,2.7
1/3/2022,3
1/4/2022,2.9
1/5/2022,3.2
1/6/2022,2.4
1/7/2022,2.9
1/8/2022,2.7
1/9/2022,2
1/10/2022,1.8
1/11/2022,2.1
1/12/2022,1.8
1/13/2022,2.1
1/14/2022,2.3
1/15/2022,2.6
1/16/2022,2.9
1/17/2022,2.5
1/18/2022,2.7
1/19/2022,2.6
1/20/2022,2.8
1/21/2022,2.9
1/22/2022,2.9
1/23/2022,3
1/24/2022,3.1
1/25/2022,3.1
1/26/2022,3
1/27/2022,2.9
1/28/2022,2.9
1/29/2022,2.7
1/30/2022,2.7
1/31/2022,2.9
2/1/2022,2.8
2/2/2022,2.7
2/3/2022,2.7
2/4/2022,2.7
2/5/2022,2.7
2/6/2022,2.7
2/7/2022,2.8
2/8/2022,2.8
2/9/2022,2.9
2/10/2022,2.9
2/11/2022,2.9
2/12/2022,3
2/13/2022,3
2/14/2022,3.1
2/15/2022,3.1
2/16/2022,3.1
2/17/2022,3.1
2/18/2022,3.2
2/19/2022,3.2
2/20/2022,3.2
2/21/2022,3.2
2/22/2022,3.1
2/23/2022,3.1
2/24/2022,3
2/25/2022,2.9
2/26/2022,2.8
2/27/2022,2.9
2/28/2022,2.9
3/1/2022,2.9
3/2/2022,3
3/3/2022,3.1
3/4/2022,3.2
3/5/2022,3.2
3/6/2022,3.3
3/7/2022,3.4
3/8/2022,3.4
3/9/2022,3.4
3/10/2022,3.4
3/11/2022,3.4
3/12/2022,3.4
3/13/2022,3.5
3/14/2022,3.6
3/15/2022,3.5
3/16/2022,3.6
3/17/2022,3.6
3/18/2022,3.6
3/19/2022,3.7
3/20/2022,3.7
3/21/2022,3.7
3/22/2022,3.8
3/23/2022,3.9
3/24/2022,3.9
3/25/2022,3.9
3/26/2022,4
3/27/2022,4.1
3/28/2022,4.2
3/29/2022,4.3
3/30/2022,4.3
3/31/2022,4.4
4/1/2022,4.6
4/2/2022,4.7
4/3/2022,4.7
4/4/2022,4.5
4/5/2022,4.6
4/6/2022,4.7
4/7/2022,4.8
4/8/2022,4.7
4/9/2022,4.9
4/10/2022,4.9
4/11/2022,5.1
4/12/2022,5
4/13/2022,5
4/14/2022,5
4/15/2022,5
4/16/2022,5
4/17/2022,5
4/18/2022,5.1
4/19/2022,5.1
4/20/2022,5.1
4/21/2022,5.2
4/22/2022,5.2
4/23/2022,5.3
4/24/2022,5.3
4/25/2022,5.3
4/26/2022,5.3
4/27/2022,5.3
4/28/2022,5.4
4/29/2022,5.5
4/30/2022,5.4
5/1/2022,5.5
5/2/2022,5.6
5/3/2022,5.8
5/4/2022,5.9
5/5/2022,6.1
5/6/2022,5.9
5/7/2022,5.8
5/8/2022,6.1
5/9/2022,6.1
5/10/2022,6.1
5/11/2022,5.9
5/12/2022,5.95
5/13/2022,6.05
5/14/2022,6
5/15/2022,6.05
5/16/2022,6.1
5/17/2022,6.15
5/18/2022,6.2
5/19/2022,6.25
5/20/2022,6.2
5/21/2022,6.3
5/22/2022,6.4
5/23/2022,6.45
5/24/2022,6.55
5/25/2022,6.6
5/26/2022,6.65
5/27/2022,6.75
5/28/2022,6.85
5/29/2022,6.9
5/30/2022,6.95
5/31/2022,7
6/1/2022,7.05
6/2/2022,7.05
6/3/2022,7.1
6/4/2022,7.1
6/5/2022,7.3
6/6/2022,7.4
6/7/2022,7.4
6/8/2022,7.4
6/9/2022,7.4
6/10/2022,7.5
6/11/2022,7.5
6/12/2022,7.6
6/13/2022,7.6
6/14/2022,7.6
6/15/2022,7.7
6/16/2022,7.7
6/17/2022,7.7
6/18/2022,7.7
6/19/2022,7.8
6/20/2022,7.8
6/21/2022,7.8
6/22/2022,7.8
6/23/2022,7.9
6/24/2022,7.9
6/25/2022,8
6/26/2022,8
6/27/2022,8.1
6/28/2022,8.1
6/29/2022,8.2
6/30/2022,8.3
7/1/2022,8.3
7/2/2022,8.4
7/3/2022,8.5
7/4/2022,8.5
7/5/2022,8.6
7/6/2022,8.7
7/7/2022,8.7
7/8/2022,8.8
7/9/2022,9
7/10/2022,9
7/11/2022,9.1
7/12/2022,9.2
7/13/2022,9.3
7/14/2022,9.3
7/15/2022,9.4
7/16/2022,9.5
7/17/2022,9.6
7/18/2022,9.6
7/19/2022,9.7
7/20/2022,9.7
7/21/2022,9.8
7/22/2022,9.8
7/23/2022,9.8
7/24/2022,9.9
7/25/2022,9.9
7/26/2022,9.9
7/27/2022,9.9
7/28/2022,10
7/29/2022,10
7/30/2022,10
7/31/2022,10.1
8/1/2022,10.1
8/2/2022,10.2
8/3/2022,10.2
8/4/2022,10.3
8/5/2022,10.5
8/6/2022,10.6
8/7/2022,10.7
8/8/2022,10.7
8/9/2022,10.8
8/10/2022,10.8
8/11/2022,10.75
8/12/2022,10.85
8/13/2022,10.85
8/14/2022,10.8
8/15/2022,10.85
8/16/2022,10.85
8/17/2022,10.85
8/18/2022,10.8
8/19/2022,10.8
8/20/2022,10.85
8/21/2022,10.85
8/22/2022,10.85
8/23/2022,11.45
8/24/2022,11.8
8/25/2022,11.9
8/26/2022,12
8/27/2022,12.2
8/28/2022,12.3
8/29/2022,12.5
8/30/2022,12.7
8/31/2022,12.9
9/1/2022,13.1
9/2/2022,13.2
9/3/2022,13.4
9/4/2022,13.5
9/5/2022,13.6
9/6/2022,13.8
9/7/2022,13.9
9/8/2022,13.8
9/9/2022,13.8
9/10/2022,14
9/11/2022,14
9/12/2022,14
9/13/2022,14
9/14/2022,13.9
9/15/2022,13.9
9/16/2022,14.1
9/17/2022,14.1
9/18/2022,14.2
9/19/2022,14.1
9/20/2022,14.1
9/21/2022,14
9/22/2022,14
9/23/2022,14
9/24/2022,14.1
9/25/2022,14
9/26/2022,14.1
9/27/2022,14
9/28/2022,14.2
9/29/2022,14.2
9/30/2022,14.4
10/1/2022,14.5
10/2/2022,14.6
10/3/2022,14.8
10/4/2022,15
10/5/2022,15
10/6/2022,15.1
10/7/2022,15.1
10/8/2022,15.2
10/9/2022,15.2
10/10/2022,15.2
10/11/2022,15.1
10/12/2022,15
10/13/2022,14.9
10/14/2022,14.8
10/15/2022,14.6
10/16/2022,14.4
10/17/2022,14.3
10/18/2022,14.1
10/19/2022,13.9
10/20/2022,13.9
10/21/2022,13.8
10/22/2022,13.7
10/23/2022,13.8
10/24/2022,13.7
10/25/2022,13.2
10/26/2022,12.4
10/27/2022,12
10/28/2022,11.1
10/29/2022,10.9
10/30/2022,10.7
10/31/2022,10.4
11/1/2022,10.1
11/2/2022,9.9
11/3/2022,10
11/4/2022,9.9
11/5/2022,9.5
11/6/2022,9.3
11/7/2022,9.1
11/8/2022,8.8
11/9/2022,8.7
11/10/2022,8.5
11/11/2022,8.4
11/12/2022,8.3
11/13/2022,8.2
11/14/2022,8.1
11/15/2022,7.9
11/16/2022,7.8
11/17/2022,7.7
11/18/2022,7.6
11/19/2022,7.4
11/20/2022,7.3
11/21/2022,7.3
11/22/2022,7.2
11/23/2022,7.2
11/24/2022,7.2
11/25/2022,7.1
11/26/2022,7
11/27/2022,6.9
11/28/2022,6.8
11/29/2022,6.6
11/30/2022,6.4
12/1/2022,6.2
12/2/2022,6
12/3/2022,5.9
12/4/2022,5.9
12/5/2022,5.7
12/6/2022,5.6
12/7/2022,5.6
12/8/2022,5.5
12/9/2022,5.4
12/10/2022,5.4
12/11/2022,5.3
12/12/2022,5.3
12/13/2022,5.2
12/14/2022,5.2
12/15/2022,5.1
12/16/2022,5
12/17/2022,4.9
12/18/2022,4.8
12/19/2022,4.6
12/20/2022,4.5
12/21/2022,4.4
12/22/2022,4.1
12/23/2022,4
12/24/2022,3.9
12/25/2022,3.3
12/26/2022,3.5
12/27/2022,3.4
12/28/2022,3.5
12/29/2022,3.5
12/30/2022,3.6
12/31/2022,3.6
1/1/2023,3.6
1/2/2023,3.6
1/3/2023,3.6
1/4/2023,3.6
1/5/2023,3.6
1/6/2023,3.7
1/7/2023,3.7
1/8/2023,3.7
1/9/2023,3.8
1/10/2023,3.8
1/11/2023,3.8
1/12/2023,3.9
1/13/2023,4
1/14/2023,4.1
1/15/2023,4.4
1/16/2023,4.3
1/17/2023,4.3
1/18/2023,4.3
1/19/2023,4.3
1/20/2023,4.3
1/21/2023,4.2
1/22/2023,4.2
1/23/2023,4.2
1/24/2023,4.2
1/25/2023,4.2
1/26/2023,4.2
1/27/2023,4.2
1/28/2023,4.2
1/29/2023,4.3
1/30/2023,4.2
1/31/2023,4.2
2/1/2023,4
2/2/2023,4
2/3/2023,3.9
2/4/2023,4
2/5/2023,3.8
2/6/2023,3.7
2/7/2023,3.7
2/8/2023,3.8
2/9/2023,3.9
2/10/2023,3.7
2/11/2023,3.6
2/12/2023,3.6
2/13/2023,3.7
2/14/2023,3.6
2/15/2023,3.5
2/16/2023,3.5
2/17/2023,3.7
2/18/2023,3.6
2/19/2023,3.5
2/20/2023,3.4
2/21/2023,3.4
2/22/2023,3.3
2/23/2023,3.5
2/24/2023,3.5
2/25/2023,3.4
2/26/2023,3.3
2/27/2023,3.1
2/28/2023,3
3/1/2023,3
3/2/2023,3.2
3/3/2023,3.3
3/4/2023,3.5
3/5/2023,3.6
3/6/2023,3.8
3/7/2023,3.9
3/8/2023,3.8
3/9/2023,3.9
3/10/2023,4
3/11/2023,4
3/12/2023,4.2
3/13/2023,4.1
3/14/2023,4.3
3/15/2023,4.3
3/16/2023,4.4
3/17/2023,4.4
3/18/2023,4.6
3/19/2023,4.5
3/20/2023,4.7
3/21/2023,5
3/22/2023,5.1
3/23/2023,5.3
3/24/2023,5.4
3/25/2023,5.2
3/26/2023,5
3/27/2023,4.9
3/28/2023,4.8
3/29/2023,4.6
3/30/2023,4.6
3/31/2023,4.5
4/1/2023,4.5
4/2/2023,4.6
4/3/2023,4.7
4/4/2023,4.7
4/5/2023,4.8
4/6/2023,4.9
4/7/2023,4.7
4/8/2023,4.6
4/9/2023,4.5
4/10/2023,4.2
4/11/2023,4.3
4/12/2023,4.4
4/13/2023,4.4
4/14/2023,4.5
4/15/2023,4.6
4/16/2023,4.9
4/17/2023,4.9
4/18/2023,5.2
4/19/2023,5.6
4/20/2023,5.7
4/21/2023,5.7
4/22/2023,5.9
4/23/2023,6.1
4/24/2023,6
4/25/2023,6.1
4/26/2023,6.1
4/27/2023,6.1
4/28/2023,6.2
4/29/2023,6.3
4/30/2023,6.6
5/1/2023,7
5/2/2023,7.1
5/3/2023,7.3
5/4/2023,7.5
5/5/2023,7.6
5/6/2023,7.7
5/7/2023,7.7
5/8/2023,7.9
5/9/2023,8
5/10/2023,8.1
5/11/2023,8.2
5/12/2023,8.4
5/13/2023,8.4
5/14/2023,8.5
5/15/2023,8.7
5/16/2023,8.7
5/17/2023,8.6
5/18/2023,8.7
5/19/2023,8.6
5/20/2023,8.8
5/21/2023,8.8
5/22/2023,8.8
5/23/2023,8.8
5/24/2023,8.8
5/25/2023,8.7
5/26/2023,8.6
5/27/2023,8.8
5/28/2023,8.7
5/29/2023,8.7
5/30/2023,8.8
5/31/2023,8.9
6/1/2023,9
6/2/2023,8.9
6/3/2023,9
6/4/2023,9
6/5/2023,9.2
6/6/2023,9.2
6/7/2023,9.4
6/8/2023,9.3
6/9/2023,9.4
6/10/2023,9.5
6/11/2023,9.6
6/12/2023,9.7
6/13/2023,9.8
6/14/2023,9.9
6/15/2023,10
6/16/2023,10
6/17/2023,10
6/18/2023,10.2
6/19/2023,10.2
6/20/2023,10.3
6/21/2023,10.4
6/22/2023,10.4
6/23/2023,10.6
6/24/2023,10.4
6/25/2023,10.6
6/26/2023,10.6
6/27/2023,10.7
6/28/2023,10.7
6/29/2023,10.8
6/30/2023,10.8
7/1/2023,10.9
7/2/2023,10.9
7/3/2023,10.9
7/4/2023,11
7/5/2023,11
7/6/2023,11
7/7/2023,11
7/8/2023,11
7/9/2023,11.1
7/10/2023,11.1
7/11/2023,11.1
7/12/2023,11.1
7/13/2023,11.2
7/14/2023,11.2
7/15/2023,11.2
7/16/2023,11.2
7/17/2023,11.2
7/18/2023,11.3
7/19/2023,11.3
7/20/2023,11.3
7/21/2023,11.3
7/22/2023,11.3
7/23/2023,11.3
7/24/2023,11.3
7/25/2023,11.3
7/26/2023,11.4
7/27/2023,11.5
7/28/2023,11.5
7/29/2023,11.5
7/30/2023,11.5
7/31/2023,11.5
8/1/2023,11.6
8/2/2023,11.6
8/3/2023,11.6
8/4/2023,11.7
8/5/2023,11.7
8/6/2023,11.7
8/7/2023,11.7
8/8/2023,11.7
8/9/2023,11.8
8/10/2023,11.8
8/11/2023,11.8
8/12/2023,11.9
8/13/2023,11.8
8/14/2023,11.9
