date,depth,wtr_year,wtr_day_year
10/1/2016,0,2017,1
10/2/2016,0,2017,2
10/3/2016,0,2017,3
10/4/2016,0,2017,4
10/5/2016,0,2017,5
10/6/2016,0,2017,6
10/7/2016,0,2017,7
10/8/2016,0,2017,8
10/9/2016,0,2017,9
10/10/2016,0,2017,10
10/11/2016,0,2017,11
10/12/2016,0,2017,12
10/13/2016,0,2017,13
10/14/2016,0,2017,14
10/15/2016,0,2017,15
10/16/2016,0,2017,16
10/17/2016,0,2017,17
10/18/2016,0,2017,18
10/19/2016,0,2017,19
10/20/2016,0,2017,20
10/21/2016,0,2017,21
10/22/2016,0,2017,22
10/23/2016,0,2017,23
10/24/2016,0,2017,24
10/25/2016,0,2017,25
10/26/2016,0,2017,26
10/27/2016,0,2017,27
10/28/2016,0,2017,28
10/29/2016,0,2017,29
10/30/2016,0,2017,30
10/31/2016,0,2017,31
11/1/2016,0,2017,32
11/2/2016,0,2017,33
11/3/2016,0,2017,34
11/4/2016,0,2017,35
11/5/2016,0,2017,36
11/6/2016,0,2017,37
11/7/2016,0,2017,38
11/8/2016,0,2017,39
11/9/2016,0,2017,40
11/10/2016,0,2017,41
11/11/2016,0,2017,42
11/12/2016,0,2017,43
11/13/2016,0,2017,44
11/14/2016,0,2017,45
11/15/2016,0,2017,46
11/16/2016,0,2017,47
11/17/2016,0,2017,48
11/18/2016,0,2017,49
11/19/2016,0,2017,50
11/20/2016,0,2017,51
11/21/2016,0,2017,52
11/22/2016,15.2,2017,53
11/23/2016,48.5,2017,54
11/24/2016,74.2,2017,55
11/25/2016,92.7,2017,56
11/26/2016,100.3,2017,57
11/27/2016,105.2,2017,58
11/28/2016,115,2017,59
11/29/2016,104.8,2017,60
11/30/2016,110.3,2017,61
12/1/2016,106.8,2017,62
12/2/2016,115,2017,63
12/3/2016,115.1,2017,64
12/4/2016,117.9,2017,65
12/5/2016,125.5,2017,66
12/6/2016,132.8,2017,67
12/7/2016,128.2,2017,68
12/8/2016,126.5,2017,69
12/9/2016,131.3,2017,70
12/10/2016,145.2,2017,71
12/11/2016,161.5,2017,72
12/12/2016,159.8,2017,73
12/13/2016,155.2,2017,74
12/14/2016,150.1,2017,75
12/15/2016,147,2017,76
12/16/2016,144.2,2017,77
12/17/2016,141.6,2017,78
12/18/2016,143.8,2017,79
12/19/2016,175.9,2017,80
12/20/2016,183.2,2017,81
12/21/2016,179.7,2017,82
12/22/2016,184.1,2017,83
12/23/2016,191.7,2017,84
12/24/2016,190.7,2017,85
12/25/2016,186.6,2017,86
12/26/2016,196.5,2017,87
12/27/2016,225.7,2017,88
12/28/2016,235.1,2017,89
12/29/2016,263.1,2017,90
12/30/2016,265.4,2017,91
12/31/2016,260.3,2017,92
1/1/2017,256.5,2017,93
1/2/2017,244.8,2017,94
1/3/2017,239.8,2017,95
1/4/2017,234.6,2017,96
1/5/2017,231,2017,97
1/6/2017,232.1,2017,98
1/7/2017,231.3,2017,99
1/8/2017,228.8,2017,100
1/9/2017,246.4,2017,101
1/10/2017,244.7,2017,102
1/11/2017,236.4,2017,103
1/12/2017,232.7,2017,104
1/13/2017,230.9,2017,105
1/14/2017,227.9,2017,106
1/15/2017,225.7,2017,107
1/16/2017,224.5,2017,108
1/17/2017,224.2,2017,109
1/18/2017,213.9,2017,110
1/19/2017,227.7,2017,111
1/20/2017,242.4,2017,112
1/21/2017,236.7,2017,113
1/22/2017,234.7,2017,114
1/23/2017,235.1,2017,115
1/24/2017,231.4,2017,116
1/25/2017,229.4,2017,117
1/26/2017,226.6,2017,118
1/27/2017,223.1,2017,119
1/28/2017,221.8,2017,120
1/29/2017,225.2,2017,121
1/30/2017,227.8,2017,122
1/31/2017,226.3,2017,123
2/1/2017,225.5,2017,124
2/2/2017,223.5,2017,125
2/3/2017,232.7,2017,126
2/4/2017,270.8,2017,127
2/5/2017,285.5,2017,128
2/6/2017,282.7,2017,129
2/7/2017,278.9,2017,130
2/8/2017,276.7,2017,131
2/9/2017,278.3,2017,132
2/10/2017,288.6,2017,133
2/11/2017,295.1,2017,134
2/12/2017,289.5,2017,135
2/13/2017,283,2017,136
2/14/2017,277.5,2017,137
2/15/2017,262.8,2017,138
2/16/2017,248.3,2017,139
2/17/2017,246.1,2017,140
2/18/2017,245,2017,141
2/19/2017,253.1,2017,142
2/20/2017,268.5,2017,143
2/21/2017,266,2017,144
2/22/2017,265.3,2017,145
2/23/2017,264.1,2017,146
2/24/2017,266.5,2017,147
2/25/2017,263.7,2017,148
2/26/2017,265.6,2017,149
2/27/2017,263.6,2017,150
2/28/2017,266.9,2017,151
3/1/2017,292.1,2017,152
3/2/2017,310.5,2017,153
3/3/2017,356.7,2017,154
3/4/2017,366.2,2017,155
3/5/2017,373.5,2017,156
3/6/2017,389.1,2017,157
3/7/2017,411.9,2017,158
3/8/2017,420.2,2017,159
3/9/2017,413.7,2017,160
3/10/2017,400.5,2017,161
3/11/2017,392.8,2017,162
3/12/2017,387.3,2017,163
3/13/2017,378.8,2017,164
3/14/2017,368.4,2017,165
3/15/2017,357.7,2017,166
3/16/2017,366,2017,167
3/17/2017,377.9,2017,168
3/18/2017,376.7,2017,169
3/19/2017,366.9,2017,170
3/20/2017,362.3,2017,171
3/21/2017,358.8,2017,172
3/22/2017,353.2,2017,173
3/23/2017,364.2,2017,174
3/24/2017,373.3,2017,175
3/25/2017,384,2017,176
3/26/2017,387.9,2017,177
3/27/2017,400.7,2017,178
3/28/2017,431,2017,179
3/29/2017,435.4,2017,180
3/30/2017,422.2,2017,181
3/31/2017,414.4,2017,182
4/1/2017,417.8,2017,183
4/2/2017,410.2,2017,184
4/3/2017,405.9,2017,185
4/4/2017,403.2,2017,186
4/5/2017,401.2,2017,187
4/6/2017,398.9,2017,188
4/7/2017,398,2017,189
4/8/2017,423.3,2017,190
4/9/2017,432.5,2017,191
4/10/2017,433.3,2017,192
4/11/2017,442.3,2017,193
4/12/2017,433,2017,194
4/13/2017,433.4,2017,195
4/14/2017,442.2,2017,196
4/15/2017,445,2017,197
4/16/2017,436.2,2017,198
4/17/2017,430.4,2017,199
4/18/2017,423.8,2017,200
4/19/2017,420,2017,201
4/20/2017,417.8,2017,202
4/21/2017,410.9,2017,203
4/22/2017,405.4,2017,204
4/23/2017,402.7,2017,205
4/24/2017,399.4,2017,206
4/25/2017,395.6,2017,207
4/26/2017,393.9,2017,208
4/27/2017,392.7,2017,209
4/28/2017,391,2017,210
4/29/2017,391.4,2017,211
4/30/2017,392.2,2017,212
5/1/2017,389.5,2017,213
5/2/2017,385.8,2017,214
5/3/2017,380.2,2017,215
5/4/2017,373.1,2017,216
5/5/2017,366.7,2017,217
5/6/2017,366.5,2017,218
5/7/2017,363.2,2017,219
5/8/2017,360.9,2017,220
5/9/2017,357.5,2017,221
5/10/2017,353.6,2017,222
5/11/2017,349.1,2017,223
5/12/2017,354.1,2017,224
5/13/2017,350,2017,225
5/14/2017,346.9,2017,226
5/15/2017,346.2,2017,227
5/16/2017,351.3,2017,228
5/17/2017,344.8,2017,229
5/18/2017,339.6,2017,230
5/19/2017,336,2017,231
5/20/2017,331.5,2017,232
5/21/2017,325.6,2017,233
5/22/2017,319.3,2017,234
5/23/2017,312.8,2017,235
5/24/2017,306.8,2017,236
5/25/2017,301.7,2017,237
5/26/2017,295.3,2017,238
5/27/2017,288.3,2017,239
5/28/2017,280.3,2017,240
5/29/2017,272,2017,241
5/30/2017,266,2017,242
5/31/2017,261,2017,243
6/1/2017,256.3,2017,244
6/2/2017,251.7,2017,245
6/3/2017,248.3,2017,246
6/4/2017,245.9,2017,247
6/5/2017,240.9,2017,248
6/6/2017,234.5,2017,249
6/7/2017,227.4,2017,250
6/8/2017,221.6,2017,251
6/9/2017,216.9,2017,252
6/10/2017,214,2017,253
6/11/2017,210.9,2017,254
6/12/2017,206.1,2017,255
6/13/2017,202.1,2017,256
6/14/2017,199.2,2017,257
6/15/2017,196.1,2017,258
6/16/2017,190.9,2017,259
6/17/2017,186.6,2017,260
6/18/2017,182.4,2017,261
6/19/2017,177.2,2017,262
6/20/2017,171.9,2017,263
6/21/2017,166.4,2017,264
6/22/2017,160.4,2017,265
6/23/2017,153,2017,266
6/24/2017,142.2,2017,267
6/25/2017,131.4,2017,268
6/26/2017,120.6,2017,269
6/27/2017,109.8,2017,270
6/28/2017,103.6,2017,271
6/29/2017,96.7,2017,272
6/30/2017,88.8,2017,273
7/1/2017,80.1,2017,274
7/2/2017,71.5,2017,275
7/3/2017,63.2,2017,276
7/4/2017,56.4,2017,277
7/5/2017,49.6,2017,278
7/6/2017,39.8,2017,279
7/7/2017,30.6,2017,280
7/8/2017,21.4,2017,281
7/9/2017,13.6,2017,282
7/10/2017,9,2017,283
7/11/2017,0,2017,284
7/12/2017,0,2017,285
7/13/2017,0,2017,286
7/14/2017,0,2017,287
7/15/2017,0,2017,288
7/16/2017,0,2017,289
7/17/2017,0,2017,290
7/18/2017,0,2017,291
7/19/2017,0,2017,292
7/20/2017,0,2017,293
7/21/2017,0,2017,294
7/22/2017,0,2017,295
7/23/2017,0,2017,296
7/24/2017,0,2017,297
7/25/2017,0,2017,298
7/26/2017,0,2017,299
7/27/2017,0,2017,300
7/28/2017,0,2017,301
7/29/2017,0,2017,302
7/30/2017,0,2017,303
7/31/2017,0,2017,304
8/1/2017,0,2017,305
8/2/2017,0,2017,306
8/3/2017,0,2017,307
8/4/2017,0,2017,308
8/5/2017,0,2017,309
8/6/2017,0,2017,310
8/7/2017,0,2017,311
8/8/2017,0,2017,312
8/9/2017,0,2017,313
8/10/2017,0,2017,314
8/11/2017,0,2017,315
8/12/2017,0,2017,316
8/13/2017,0,2017,317
8/14/2017,0,2017,318
8/15/2017,0,2017,319
8/16/2017,0,2017,320
8/17/2017,0,2017,321
8/18/2017,0,2017,322
8/19/2017,0,2017,323
8/20/2017,0,2017,324
8/21/2017,0,2017,325
8/22/2017,0,2017,326
8/23/2017,0,2017,327
8/24/2017,0,2017,328
8/25/2017,0,2017,329
8/26/2017,0,2017,330
8/27/2017,0,2017,331
8/28/2017,0,2017,332
8/29/2017,0,2017,333
8/30/2017,0,2017,334
8/31/2017,0,2017,335
9/1/2017,0,2017,336
9/2/2017,0,2017,337
9/3/2017,0,2017,338
9/4/2017,0,2017,339
9/5/2017,0,2017,340
9/6/2017,0,2017,341
9/7/2017,0,2017,342
9/8/2017,0,2017,343
9/9/2017,0,2017,344
9/10/2017,0,2017,345
9/11/2017,0,2017,346
9/12/2017,0,2017,347
9/13/2017,0,2017,348
9/14/2017,0,2017,349
9/15/2017,0,2017,350
9/16/2017,0,2017,351
9/17/2017,0,2017,352
9/18/2017,0,2017,353
9/19/2017,0,2017,354
9/20/2017,0,2017,355
9/21/2017,0,2017,356
9/22/2017,0,2017,357
9/23/2017,0,2017,358
9/24/2017,0,2017,359
9/25/2017,0,2017,360
9/26/2017,0,2017,361
9/27/2017,0,2017,362
9/28/2017,0,2017,363
9/29/2017,0,2017,364
9/30/2017,0,2017,365
10/1/2017,0,2018,1
10/2/2017,0,2018,2
10/3/2017,0,2018,3
10/4/2017,0,2018,4
10/5/2017,0,2018,5
10/6/2017,0,2018,6
10/7/2017,0,2018,7
10/8/2017,0,2018,8
10/9/2017,0,2018,9
10/10/2017,0,2018,10
10/11/2017,0,2018,11
10/12/2017,0,2018,12
10/13/2017,0,2018,13
10/14/2017,0,2018,14
10/15/2017,0,2018,15
10/16/2017,0,2018,16
10/17/2017,0,2018,17
10/18/2017,0,2018,18
10/19/2017,0,2018,19
10/20/2017,8.1,2018,20
10/21/2017,10.9,2018,21
10/22/2017,6.1,2018,22
10/23/2017,2.2,2018,23
10/24/2017,0,2018,24
10/25/2017,0,2018,25
10/26/2017,0,2018,26
10/27/2017,0,2018,27
10/28/2017,0,2018,28
10/29/2017,0,2018,29
10/30/2017,0,2018,30
10/31/2017,0,2018,31
11/1/2017,2.3,2018,32
11/2/2017,19.9,2018,33
11/3/2017,27.6,2018,34
11/4/2017,25.1,2018,35
11/5/2017,23.1,2018,36
11/6/2017,21.6,2018,37
11/7/2017,20.4,2018,38
11/8/2017,17.2,2018,39
11/9/2017,14.9,2018,40
11/10/2017,13.6,2018,41
11/11/2017,13.3,2018,42
11/12/2017,12.5,2018,43
11/13/2017,15.4,2018,44
11/14/2017,30.2,2018,45
11/15/2017,55.1,2018,46
11/16/2017,87.8,2018,47
11/17/2017,105.4,2018,48
11/18/2017,107.2,2018,49
11/19/2017,133.1,2018,50
11/20/2017,146.8,2018,51
11/21/2017,127.2,2018,52
11/22/2017,92.7,2018,53
11/23/2017,78.9,2018,54
11/24/2017,83,2018,55
11/25/2017,90.5,2018,56
11/26/2017,84.7,2018,57
11/27/2017,87.3,2018,58
11/28/2017,109.6,2018,59
11/29/2017,119.5,2018,60
11/30/2017,137.7,2018,61
12/1/2017,166.3,2018,62
12/2/2017,187.8,2018,63
12/3/2017,181.1,2018,64
12/4/2017,175.1,2018,65
12/5/2017,168.2,2018,66
12/6/2017,162,2018,67
12/7/2017,160.1,2018,68
12/8/2017,157.2,2018,69
12/9/2017,155,2018,70
12/10/2017,151.6,2018,71
12/11/2017,148.7,2018,72
12/12/2017,148.8,2018,73
12/13/2017,147.5,2018,74
12/14/2017,147.1,2018,75
12/15/2017,144.9,2018,76
12/16/2017,142.8,2018,77
12/17/2017,156.5,2018,78
12/18/2017,160.9,2018,79
12/19/2017,165.5,2018,80
12/20/2017,169.5,2018,81
12/21/2017,167.3,2018,82
12/22/2017,166.1,2018,83
12/23/2017,164.1,2018,84
12/24/2017,163.8,2018,85
12/25/2017,163.8,2018,86
12/26/2017,165.1,2018,87
12/27/2017,165.3,2018,88
12/28/2017,194.1,2018,89
12/29/2017,207.4,2018,90
12/30/2017,212.1,2018,91
12/31/2017,204.9,2018,92
1/1/2018,201.2,2018,93
1/2/2018,198.6,2018,94
1/3/2018,195.4,2018,95
1/4/2018,193.6,2018,96
1/5/2018,185.4,2018,97
1/6/2018,177.1,2018,98
1/7/2018,182.9,2018,99
1/8/2018,188.8,2018,100
1/9/2018,191.4,2018,101
1/10/2018,194.3,2018,102
1/11/2018,194.7,2018,103
1/12/2018,193.1,2018,104
1/13/2018,197.3,2018,105
1/14/2018,190.7,2018,106
1/15/2018,188.4,2018,107
1/16/2018,186,2018,108
1/17/2018,187.8,2018,109
1/18/2018,190.8,2018,110
1/19/2018,223.3,2018,111
1/20/2018,259,2018,112
1/21/2018,290.8,2018,113
1/22/2018,315.4,2018,114
1/23/2018,323.2,2018,115
1/24/2018,328.5,2018,116
1/25/2018,331.8,2018,117
1/26/2018,350.1,2018,118
1/27/2018,356.6,2018,119
1/28/2018,354.7,2018,120
1/29/2018,320.6,2018,121
1/30/2018,311.9,2018,122
1/31/2018,316.5,2018,123
2/1/2018,327.3,2018,124
2/2/2018,324.2,2018,125
2/3/2018,309.4,2018,126
2/4/2018,300,2018,127
2/5/2018,293.2,2018,128
2/6/2018,290.8,2018,129
2/7/2018,290.2,2018,130
2/8/2018,283.9,2018,131
2/9/2018,279.2,2018,132
2/10/2018,279.5,2018,133
2/11/2018,279.8,2018,134
2/12/2018,278.2,2018,135
2/13/2018,279.6,2018,136
2/14/2018,291.5,2018,137
2/15/2018,289.3,2018,138
2/16/2018,295.6,2018,139
2/17/2018,317,2018,140
2/18/2018,328.6,2018,141
2/19/2018,320.4,2018,142
2/20/2018,317.7,2018,143
2/21/2018,317.7,2018,144
2/22/2018,316.8,2018,145
2/23/2018,323.2,2018,146
2/24/2018,335.6,2018,147
2/25/2018,352.1,2018,148
2/26/2018,345.9,2018,149
2/27/2018,350.4,2018,150
2/28/2018,364.7,2018,151
3/1/2018,378.7,2018,152
3/2/2018,372.1,2018,153
3/3/2018,371,2018,154
3/4/2018,366.6,2018,155
3/5/2018,364.5,2018,156
3/6/2018,359.5,2018,157
3/7/2018,355.4,2018,158
3/8/2018,359.9,2018,159
3/9/2018,363.9,2018,160
3/10/2018,357.6,2018,161
3/11/2018,353.6,2018,162
3/12/2018,348.1,2018,163
3/13/2018,342.9,2018,164
3/14/2018,339.8,2018,165
3/15/2018,336.4,2018,166
3/16/2018,332.3,2018,167
3/17/2018,328.4,2018,168
3/18/2018,325.4,2018,169
3/19/2018,324.4,2018,170
3/20/2018,323.4,2018,171
3/21/2018,321.1,2018,172
3/22/2018,330.9,2018,173
3/23/2018,355.7,2018,174
3/24/2018,353.8,2018,175
3/25/2018,354.6,2018,176
3/26/2018,388.1,2018,177
3/27/2018,394.3,2018,178
3/28/2018,377,2018,179
3/29/2018,369,2018,180
3/30/2018,363.9,2018,181
3/31/2018,357,2018,182
4/1/2018,357,2018,183
4/2/2018,357,2018,184
4/3/2018,364,2018,185
4/4/2018,364.1,2018,186
4/5/2018,362.9,2018,187
4/6/2018,355,2018,188
4/7/2018,351.5,2018,189
4/8/2018,348.4,2018,190
4/9/2018,343.7,2018,191
4/10/2018,339.9,2018,192
4/11/2018,344.1,2018,193
4/12/2018,350.2,2018,194
4/13/2018,364.9,2018,195
4/14/2018,362.6,2018,196
4/15/2018,359.3,2018,197
4/16/2018,357.6,2018,198
4/17/2018,358.3,2018,199
4/18/2018,357.8,2018,200
4/19/2018,354.8,2018,201
4/20/2018,352.2,2018,202
4/21/2018,362,2018,203
4/22/2018,359.3,2018,204
4/23/2018,354.6,2018,205
4/24/2018,349.8,2018,206
4/25/2018,344.8,2018,207
4/26/2018,338.4,2018,208
4/27/2018,331.5,2018,209
4/28/2018,328.2,2018,210
4/29/2018,325.5,2018,211
4/30/2018,322.4,2018,212
5/1/2018,318.8,2018,213
5/2/2018,313.1,2018,214
5/3/2018,307.1,2018,215
5/4/2018,302,2018,216
5/5/2018,296.3,2018,217
5/6/2018,287.4,2018,218
5/7/2018,280.3,2018,219
5/8/2018,274.1,2018,220
5/9/2018,266.2,2018,221
5/10/2018,262.6,2018,222
5/11/2018,257,2018,223
5/12/2018,250.7,2018,224
5/13/2018,243.6,2018,225
5/14/2018,234.9,2018,226
5/15/2018,226.2,2018,227
5/16/2018,219.2,2018,228
5/17/2018,211.1,2018,229
5/18/2018,204.7,2018,230
5/19/2018,200.7,2018,231
5/20/2018,195.8,2018,232
5/21/2018,190.7,2018,233
5/22/2018,183.4,2018,234
5/23/2018,176.7,2018,235
5/24/2018,171.8,2018,236
5/25/2018,166.4,2018,237
5/26/2018,161.4,2018,238
5/27/2018,154,2018,239
5/28/2018,148.9,2018,240
5/29/2018,144.2,2018,241
5/30/2018,139.2,2018,242
5/31/2018,135.1,2018,243
6/1/2018,132.6,2018,244
6/2/2018,127.1,2018,245
6/3/2018,123.6,2018,246
6/4/2018,120.4,2018,247
6/5/2018,117.3,2018,248
6/6/2018,111.2,2018,249
6/7/2018,107.5,2018,250
6/8/2018,102.7,2018,251
6/9/2018,97.5,2018,252
6/10/2018,94.6,2018,253
6/11/2018,90,2018,254
6/12/2018,86.2,2018,255
6/13/2018,82.7,2018,256
6/14/2018,78.8,2018,257
6/15/2018,72.9,2018,258
6/16/2018,63.4,2018,259
6/17/2018,52.6,2018,260
6/18/2018,42.5,2018,261
6/19/2018,30.9,2018,262
6/20/2018,19.6,2018,263
6/21/2018,11.4,2018,264
6/22/2018,0,2018,265
6/23/2018,0,2018,266
6/24/2018,0,2018,267
6/25/2018,0,2018,268
6/26/2018,0,2018,269
6/27/2018,0,2018,270
6/28/2018,0,2018,271
6/29/2018,0,2018,272
6/30/2018,0,2018,273
7/1/2018,0,2018,274
7/2/2018,0,2018,275
7/3/2018,0,2018,276
7/4/2018,0,2018,277
7/5/2018,0,2018,278
7/6/2018,0,2018,279
7/7/2018,0,2018,280
7/8/2018,0,2018,281
7/9/2018,0,2018,282
7/10/2018,0,2018,283
7/11/2018,0,2018,284
7/12/2018,0,2018,285
7/13/2018,0,2018,286
7/14/2018,0,2018,287
7/15/2018,0,2018,288
7/16/2018,0,2018,289
7/17/2018,0,2018,290
7/18/2018,0,2018,291
7/19/2018,0,2018,292
7/20/2018,0,2018,293
7/21/2018,0,2018,294
7/22/2018,0,2018,295
7/23/2018,0,2018,296
7/24/2018,0,2018,297
7/25/2018,0,2018,298
7/26/2018,0,2018,299
7/27/2018,0,2018,300
7/28/2018,0,2018,301
7/29/2018,0,2018,302
7/30/2018,0,2018,303
7/31/2018,0,2018,304
8/1/2018,0,2018,305
8/2/2018,0,2018,306
8/3/2018,0,2018,307
8/4/2018,0,2018,308
8/5/2018,0,2018,309
8/6/2018,0,2018,310
8/7/2018,0,2018,311
8/8/2018,0,2018,312
8/9/2018,0,2018,313
8/10/2018,0,2018,314
8/11/2018,0,2018,315
8/12/2018,0,2018,316
8/13/2018,0,2018,317
8/14/2018,0,2018,318
8/15/2018,0,2018,319
8/16/2018,0,2018,320
8/17/2018,0,2018,321
8/18/2018,0,2018,322
8/19/2018,0,2018,323
8/20/2018,0,2018,324
8/21/2018,0,2018,325
8/22/2018,0,2018,326
8/23/2018,0,2018,327
8/24/2018,0,2018,328
8/25/2018,0,2018,329
8/26/2018,0,2018,330
8/27/2018,0,2018,331
8/28/2018,0,2018,332
8/29/2018,0,2018,333
8/30/2018,0,2018,334
8/31/2018,0,2018,335
9/1/2018,0,2018,336
9/2/2018,0,2018,337
9/3/2018,0,2018,338
9/4/2018,0,2018,339
9/5/2018,0,2018,340
9/6/2018,0,2018,341
9/7/2018,0,2018,342
9/8/2018,0,2018,343
9/9/2018,0,2018,344
9/10/2018,0,2018,345
9/11/2018,0,2018,346
9/12/2018,0,2018,347
9/13/2018,0,2018,348
9/14/2018,0,2018,349
9/15/2018,0,2018,350
9/16/2018,0,2018,351
9/17/2018,0,2018,352
9/18/2018,0,2018,353
9/19/2018,0,2018,354
9/20/2018,0,2018,355
9/21/2018,0,2018,356
9/22/2018,0,2018,357
9/23/2018,0,2018,358
9/24/2018,0,2018,359
9/25/2018,0,2018,360
9/26/2018,0,2018,361
9/27/2018,0,2018,362
9/28/2018,0,2018,363
9/29/2018,0,2018,364
9/30/2018,0,2018,365
10/1/2018,0,2019,1
10/2/2018,0,2019,2
10/3/2018,0,2019,3
10/4/2018,0,2019,4
10/5/2018,0,2019,5
10/6/2018,0,2019,6
10/7/2018,0,2019,7
10/8/2018,0,2019,8
10/9/2018,0,2019,9
10/10/2018,0,2019,10
10/11/2018,0,2019,11
10/12/2018,0,2019,12
10/13/2018,0,2019,13
10/14/2018,0,2019,14
10/15/2018,0,2019,15
10/16/2018,0,2019,16
10/17/2018,0,2019,17
10/18/2018,0,2019,18
10/19/2018,0,2019,19
10/20/2018,0,2019,20
10/21/2018,0,2019,21
10/22/2018,0,2019,22
10/23/2018,0,2019,23
10/24/2018,0,2019,24
10/25/2018,0,2019,25
10/26/2018,0,2019,26
10/27/2018,0,2019,27
10/28/2018,0,2019,28
10/29/2018,0,2019,29
10/30/2018,0,2019,30
10/31/2018,0,2019,31
11/1/2018,0,2019,32
11/2/2018,0,2019,33
11/3/2018,0,2019,34
11/4/2018,0,2019,35
11/5/2018,0,2019,36
11/6/2018,0,2019,37
11/7/2018,0,2019,38
11/8/2018,0,2019,39
11/9/2018,0,2019,40
11/10/2018,0,2019,41
11/11/2018,0,2019,42
11/12/2018,0,2019,43
11/13/2018,0,2019,44
11/14/2018,4.7,2019,45
11/15/2018,3.8,2019,46
11/16/2018,0,2019,47
11/17/2018,0,2019,48
11/18/2018,0,2019,49
11/19/2018,0,2019,50
11/20/2018,0,2019,51
11/21/2018,0,2019,52
11/22/2018,7.7,2019,53
11/23/2018,35.2,2019,54
11/24/2018,37.8,2019,55
11/25/2018,36.7,2019,56
11/26/2018,29.6,2019,57
11/27/2018,14,2019,58
11/28/2018,12.8,2019,59
11/29/2018,12.5,2019,60
11/30/2018,20.1,2019,61
12/1/2018,23.9,2019,62
12/2/2018,21.5,2019,63
12/3/2018,20.8,2019,64
12/4/2018,20.7,2019,65
12/5/2018,21,2019,66
12/6/2018,21,2019,67
12/7/2018,21.2,2019,68
12/8/2018,22.2,2019,69
12/9/2018,21.9,2019,70
12/10/2018,36.1,2019,71
12/11/2018,74.6,2019,72
12/12/2018,86.2,2019,73
12/13/2018,137.3,2019,74
12/14/2018,128.6,2019,75
12/15/2018,122.1,2019,76
12/16/2018,122.4,2019,77
12/17/2018,113,2019,78
12/18/2018,124.2,2019,79
12/19/2018,132.9,2019,80
12/20/2018,133.5,2019,81
12/21/2018,135.4,2019,82
12/22/2018,145.7,2019,83
12/23/2018,186.7,2019,84
12/24/2018,185,2019,85
12/25/2018,179.5,2019,86
12/26/2018,185,2019,87
12/27/2018,183.3,2019,88
12/28/2018,185.3,2019,89
12/29/2018,185.3,2019,90
12/30/2018,175.1,2019,91
12/31/2018,172.6,2019,92
1/1/2019,171.6,2019,93
1/2/2019,175,2019,94
1/3/2019,195.8,2019,95
1/4/2019,195.9,2019,96
1/5/2019,197.1,2019,97
1/6/2019,209.1,2019,98
1/7/2019,221.3,2019,99
1/8/2019,217.2,2019,100
1/9/2019,211,2019,101
1/10/2019,198.9,2019,102
1/11/2019,191.7,2019,103
1/12/2019,188.9,2019,104
1/13/2019,187.2,2019,105
1/14/2019,185.6,2019,106
1/15/2019,185,2019,107
1/16/2019,184.7,2019,108
1/17/2019,185.4,2019,109
1/18/2019,194.3,2019,110
1/19/2019,200.3,2019,111
1/20/2019,203.2,2019,112
1/21/2019,202.3,2019,113
1/22/2019,214.3,2019,114
1/23/2019,233.5,2019,115
1/24/2019,230.3,2019,116
1/25/2019,227.4,2019,117
1/26/2019,225.3,2019,118
1/27/2019,222.2,2019,119
1/28/2019,221.1,2019,120
1/29/2019,219.8,2019,121
1/30/2019,219.1,2019,122
1/31/2019,217.6,2019,123
2/1/2019,230.5,2019,124
2/2/2019,229.5,2019,125
2/3/2019,235,2019,126
2/4/2019,234.7,2019,127
2/5/2019,229.2,2019,128
2/6/2019,228.3,2019,129
2/7/2019,228,2019,130
2/8/2019,228.8,2019,131
2/9/2019,223.6,2019,132
2/10/2019,222.3,2019,133
2/11/2019,225.5,2019,134
2/12/2019,239.3,2019,135
2/13/2019,247.1,2019,136
2/14/2019,246.4,2019,137
2/15/2019,260.3,2019,138
2/16/2019,267.9,2019,139
2/17/2019,263,2019,140
2/18/2019,260.7,2019,141
2/19/2019,261.2,2019,142
2/20/2019,260.2,2019,143
2/21/2019,257.6,2019,144
2/22/2019,274.6,2019,145
2/23/2019,280.8,2019,146
2/24/2019,279.6,2019,147
2/25/2019,273.4,2019,148
2/26/2019,269.2,2019,149
2/27/2019,265.8,2019,150
2/28/2019,271.9,2019,151
3/1/2019,267,2019,152
3/2/2019,263.9,2019,153
3/3/2019,261.9,2019,154
3/4/2019,259.9,2019,155
3/5/2019,258.5,2019,156
3/6/2019,259.2,2019,157
3/7/2019,276.9,2019,158
3/8/2019,275.8,2019,159
3/9/2019,271.1,2019,160
3/10/2019,266.9,2019,161
3/11/2019,270.5,2019,162
3/12/2019,284.4,2019,163
3/13/2019,280.3,2019,164
3/14/2019,278.8,2019,165
3/15/2019,279.8,2019,166
3/16/2019,272.8,2019,167
3/17/2019,265.3,2019,168
3/18/2019,256.6,2019,169
3/19/2019,249,2019,170
3/20/2019,243.1,2019,171
3/21/2019,238.2,2019,172
3/22/2019,235.5,2019,173
3/23/2019,231.6,2019,174
3/24/2019,228.5,2019,175
3/25/2019,226.3,2019,176
3/26/2019,235,2019,177
3/27/2019,231.5,2019,178
3/28/2019,227.2,2019,179
3/29/2019,224.2,2019,180
3/30/2019,221.6,2019,181
3/31/2019,218.3,2019,182
4/1/2019,214.6,2019,183
4/2/2019,211.2,2019,184
4/3/2019,209.6,2019,185
4/4/2019,204.5,2019,186
4/5/2019,203.1,2019,187
4/6/2019,208.8,2019,188
4/7/2019,216.1,2019,189
4/8/2019,211.6,2019,190
4/9/2019,210,2019,191
4/10/2019,211.8,2019,192
4/11/2019,213.3,2019,193
4/12/2019,211.1,2019,194
4/13/2019,219,2019,195
4/14/2019,234.8,2019,196
4/15/2019,232.4,2019,197
4/16/2019,228,2019,198
4/17/2019,224.5,2019,199
4/18/2019,219.2,2019,200
4/19/2019,214.2,2019,201
4/20/2019,208.6,2019,202
4/21/2019,205.8,2019,203
4/22/2019,205,2019,204
4/23/2019,201.7,2019,205
4/24/2019,199.3,2019,206
4/25/2019,196.4,2019,207
4/26/2019,195.2,2019,208
4/27/2019,193.1,2019,209
4/28/2019,190.8,2019,210
4/29/2019,186.7,2019,211
4/30/2019,182.7,2019,212
5/1/2019,179.2,2019,213
5/2/2019,177.4,2019,214
5/3/2019,174.8,2019,215
5/4/2019,172.2,2019,216
5/5/2019,165.7,2019,217
5/6/2019,159.2,2019,218
5/7/2019,153,2019,219
5/8/2019,145.8,2019,220
5/9/2019,137.5,2019,221
5/10/2019,130.5,2019,222
5/11/2019,123.7,2019,223
5/12/2019,117.3,2019,224
5/13/2019,112.7,2019,225
5/14/2019,109.7,2019,226
5/15/2019,102.9,2019,227
5/16/2019,95.8,2019,228
5/17/2019,92.2,2019,229
5/18/2019,86.2,2019,230
5/19/2019,80.8,2019,231
5/20/2019,77.2,2019,232
5/21/2019,71.3,2019,233
5/22/2019,63.9,2019,234
5/23/2019,56.2,2019,235
5/24/2019,50.2,2019,236
5/25/2019,46.4,2019,237
5/26/2019,38.3,2019,238
5/27/2019,28.5,2019,239
5/28/2019,20.4,2019,240
5/29/2019,12.8,2019,241
5/30/2019,0,2019,242
5/31/2019,0,2019,243
6/1/2019,0,2019,244
6/2/2019,0,2019,245
6/3/2019,0,2019,246
6/4/2019,0,2019,247
6/5/2019,0,2019,248
6/6/2019,0,2019,249
6/7/2019,0,2019,250
6/8/2019,0,2019,251
6/9/2019,0,2019,252
6/10/2019,0,2019,253
6/11/2019,0,2019,254
6/12/2019,0,2019,255
6/13/2019,0,2019,256
6/14/2019,0,2019,257
6/15/2019,0,2019,258
6/16/2019,0,2019,259
6/17/2019,0,2019,260
6/18/2019,0,2019,261
6/19/2019,0,2019,262
6/20/2019,0,2019,263
6/21/2019,0,2019,264
6/22/2019,0,2019,265
6/23/2019,0,2019,266
6/24/2019,0,2019,267
6/25/2019,0,2019,268
6/26/2019,0,2019,269
6/27/2019,0,2019,270
6/28/2019,0,2019,271
6/29/2019,0,2019,272
6/30/2019,0,2019,273
7/1/2019,0,2019,274
7/2/2019,0,2019,275
7/3/2019,0,2019,276
7/4/2019,0,2019,277
7/5/2019,0,2019,278
7/6/2019,0,2019,279
7/7/2019,0,2019,280
7/8/2019,0,2019,281
7/9/2019,0,2019,282
7/10/2019,0,2019,283
7/11/2019,0,2019,284
7/12/2019,0,2019,285
7/13/2019,0,2019,286
7/14/2019,0,2019,287
7/15/2019,0,2019,288
7/16/2019,0,2019,289
7/17/2019,0,2019,290
7/18/2019,0,2019,291
7/19/2019,0,2019,292
7/20/2019,0,2019,293
7/21/2019,0,2019,294
7/22/2019,0,2019,295
7/23/2019,0,2019,296
7/24/2019,0,2019,297
7/25/2019,0,2019,298
7/26/2019,0,2019,299
7/27/2019,0,2019,300
7/28/2019,0,2019,301
7/29/2019,0,2019,302
7/30/2019,0,2019,303
7/31/2019,0,2019,304
8/1/2019,0,2019,305
8/2/2019,0,2019,306
8/3/2019,0,2019,307
8/4/2019,0,2019,308
8/5/2019,0,2019,309
8/6/2019,0,2019,310
8/7/2019,0,2019,311
8/8/2019,0,2019,312
8/9/2019,0,2019,313
8/10/2019,0,2019,314
8/11/2019,0,2019,315
8/12/2019,0,2019,316
8/13/2019,0,2019,317
8/14/2019,0,2019,318
8/15/2019,0,2019,319
8/16/2019,0,2019,320
8/17/2019,0,2019,321
8/18/2019,0,2019,322
8/19/2019,0,2019,323
8/20/2019,0,2019,324
8/21/2019,0,2019,325
8/22/2019,0,2019,326
8/23/2019,0,2019,327
8/24/2019,0,2019,328
8/25/2019,0,2019,329
8/26/2019,0,2019,330
8/27/2019,0,2019,331
8/28/2019,0,2019,332
8/29/2019,0,2019,333
8/30/2019,0,2019,334
8/31/2019,0,2019,335
9/1/2019,0,2019,336
9/2/2019,0,2019,337
9/3/2019,0,2019,338
9/4/2019,0,2019,339
9/5/2019,0,2019,340
9/6/2019,0,2019,341
9/7/2019,0,2019,342
9/8/2019,0,2019,343
9/9/2019,0,2019,344
9/10/2019,0,2019,345
9/11/2019,0,2019,346
9/12/2019,0,2019,347
9/13/2019,0,2019,348
9/14/2019,0,2019,349
9/15/2019,0,2019,350
9/16/2019,0,2019,351
9/17/2019,0,2019,352
9/18/2019,0,2019,353
9/19/2019,0,2019,354
9/20/2019,0,2019,355
9/21/2019,0,2019,356
9/22/2019,0,2019,357
9/23/2019,0,2019,358
9/24/2019,0,2019,359
9/25/2019,0,2019,360
9/26/2019,0,2019,361
9/27/2019,0,2019,362
9/28/2019,0,2019,363
9/29/2019,0,2019,364
9/30/2019,0,2019,365
10/1/2019,0,2020,1
10/2/2019,0,2020,2
10/3/2019,0,2020,3
10/4/2019,0,2020,4
10/5/2019,0,2020,5
10/6/2019,0,2020,6
10/7/2019,0,2020,7
10/8/2019,0,2020,8
10/9/2019,0,2020,9
10/10/2019,0,2020,10
10/11/2019,0,2020,11
10/12/2019,0,2020,12
10/13/2019,0,2020,13
10/14/2019,0,2020,14
10/15/2019,0,2020,15
10/16/2019,0,2020,16
10/17/2019,0,2020,17
10/18/2019,3.2,2020,18
10/19/2019,4.2,2020,19
10/20/2019,5.7,2020,20
10/21/2019,5,2020,21
10/22/2019,2.3,2020,22
10/23/2019,0,2020,23
10/24/2019,0,2020,24
10/25/2019,0,2020,25
10/26/2019,0,2020,26
10/27/2019,0,2020,27
10/28/2019,0,2020,28
10/29/2019,0,2020,29
10/30/2019,0,2020,30
10/31/2019,0,2020,31
11/1/2019,0,2020,32
11/2/2019,0,2020,33
11/3/2019,0,2020,34
11/4/2019,0,2020,35
11/5/2019,0,2020,36
11/6/2019,0,2020,37
11/7/2019,0,2020,38
11/8/2019,0,2020,39
11/9/2019,0,2020,40
11/10/2019,0,2020,41
11/11/2019,0,2020,42
11/12/2019,0,2020,43
11/13/2019,0,2020,44
11/14/2019,0,2020,45
11/15/2019,0,2020,46
11/16/2019,0,2020,47
11/17/2019,0,2020,48
11/18/2019,0,2020,49
11/19/2019,0,2020,50
11/20/2019,0,2020,51
11/21/2019,0,2020,52
11/22/2019,0,2020,53
11/23/2019,4.5,2020,54
11/24/2019,7,2020,55
11/25/2019,6.9,2020,56
11/26/2019,9.6,2020,57
11/27/2019,10.4,2020,58
11/28/2019,10,2020,59
11/29/2019,9.8,2020,60
11/30/2019,10.4,2020,61
12/1/2019,10.7,2020,62
12/2/2019,15.3,2020,63
12/3/2019,14.5,2020,64
12/4/2019,10.4,2020,65
12/5/2019,8.9,2020,66
12/6/2019,7.3,2020,67
12/7/2019,6.4,2020,68
12/8/2019,6.2,2020,69
12/9/2019,5.9,2020,70
12/10/2019,6.2,2020,71
12/11/2019,10.4,2020,72
12/12/2019,34.3,2020,73
12/13/2019,40.4,2020,74
12/14/2019,38.6,2020,75
12/15/2019,38.2,2020,76
12/16/2019,42,2020,77
12/17/2019,47.5,2020,78
12/18/2019,60.9,2020,79
12/19/2019,102.1,2020,80
12/20/2019,108.2,2020,81
12/21/2019,109.3,2020,82
12/22/2019,103.8,2020,83
12/23/2019,98.7,2020,84
12/24/2019,95.8,2020,85
12/25/2019,95.8,2020,86
12/26/2019,93.9,2020,87
12/27/2019,101,2020,88
12/28/2019,102.6,2020,89
12/29/2019,101.2,2020,90
12/30/2019,95.2,2020,91
12/31/2019,102.1,2020,92
1/1/2020,96.6,2020,93
1/2/2020,96.8,2020,94
1/3/2020,105.2,2020,95
1/4/2020,110.7,2020,96
1/5/2020,146.6,2020,97
1/6/2020,160.6,2020,98
1/7/2020,153.6,2020,99
1/8/2020,148.6,2020,100
1/9/2020,145.6,2020,101
1/10/2020,167.8,2020,102
1/11/2020,192.2,2020,103
1/12/2020,212.8,2020,104
1/13/2020,216.8,2020,105
1/14/2020,206.6,2020,106
1/15/2020,225.8,2020,107
1/16/2020,234.2,2020,108
1/17/2020,230.8,2020,109
1/18/2020,245.5,2020,110
1/19/2020,240.6,2020,111
1/20/2020,221.7,2020,112
1/21/2020,221.7,2020,113
1/22/2020,249.5,2020,114
1/23/2020,233.3,2020,115
1/24/2020,214,2020,116
1/25/2020,210.9,2020,117
1/26/2020,211.2,2020,118
1/27/2020,218.2,2020,119
1/28/2020,229,2020,120
1/29/2020,231.1,2020,121
1/30/2020,232.9,2020,122
1/31/2020,232.3,2020,123
2/1/2020,216.6,2020,124
2/2/2020,215.2,2020,125
2/3/2020,216.2,2020,126
2/4/2020,215.5,2020,127
2/5/2020,225.1,2020,128
2/6/2020,228.9,2020,129
2/7/2020,236.3,2020,130
2/8/2020,250.7,2020,131
2/9/2020,244.2,2020,132
2/10/2020,242.2,2020,133
2/11/2020,243.2,2020,134
2/12/2020,243.3,2020,135
2/13/2020,250,2020,136
2/14/2020,257.4,2020,137
2/15/2020,273.3,2020,138
2/16/2020,274.5,2020,139
2/17/2020,270.2,2020,140
2/18/2020,268.1,2020,141
2/19/2020,264.9,2020,142
2/20/2020,261.6,2020,143
2/21/2020,259.3,2020,144
2/22/2020,275.6,2020,145
2/23/2020,295.4,2020,146
2/24/2020,303.5,2020,147
2/25/2020,298.7,2020,148
2/26/2020,296,2020,149
2/27/2020,297.1,2020,150
2/28/2020,298.8,2020,151
3/1/2020,309,2020,152
3/2/2020,306.2,2020,153
3/3/2020,308.5,2020,154
3/4/2020,311.8,2020,155
3/5/2020,320.7,2020,156
3/6/2020,333.5,2020,157
3/7/2020,327.7,2020,158
3/8/2020,325.3,2020,159
3/9/2020,322.2,2020,160
3/10/2020,330.6,2020,161
3/11/2020,339.6,2020,162
3/12/2020,334.7,2020,163
3/13/2020,332.3,2020,164
3/14/2020,329.2,2020,165
3/15/2020,325.7,2020,166
3/16/2020,320.1,2020,167
3/17/2020,314.5,2020,168
3/18/2020,308.7,2020,169
3/19/2020,304.4,2020,170
3/20/2020,300.4,2020,171
3/21/2020,295.4,2020,172
3/22/2020,292.5,2020,173
3/23/2020,301.9,2020,174
3/24/2020,311.8,2020,175
3/25/2020,306.4,2020,176
3/26/2020,307.7,2020,177
3/27/2020,316.1,2020,178
3/28/2020,319.2,2020,179
3/29/2020,331.8,2020,180
3/30/2020,354,2020,181
3/31/2020,362.6,2020,182
4/1/2020,357,2020,183
4/2/2020,355.8,2020,184
4/3/2020,366.1,2020,185
4/4/2020,360.6,2020,186
4/5/2020,354.2,2020,187
4/6/2020,349,2020,188
4/7/2020,344.1,2020,189
4/8/2020,337.8,2020,190
4/9/2020,331.1,2020,191
4/10/2020,325.3,2020,192
4/11/2020,321,2020,193
4/12/2020,317.3,2020,194
4/13/2020,314,2020,195
4/14/2020,310.6,2020,196
4/15/2020,306.3,2020,197
4/16/2020,301.5,2020,198
4/17/2020,298,2020,199
4/18/2020,294.2,2020,200
4/19/2020,290.5,2020,201
4/20/2020,288.3,2020,202
4/21/2020,286.8,2020,203
4/22/2020,283.7,2020,204
4/23/2020,280,2020,205
4/24/2020,275.6,2020,206
4/25/2020,271.6,2020,207
4/26/2020,268.1,2020,208
4/27/2020,267.5,2020,209
4/28/2020,265.9,2020,210
4/29/2020,263.9,2020,211
4/30/2020,259.7,2020,212
5/1/2020,255.5,2020,213
5/2/2020,251,2020,214
5/3/2020,252.7,2020,215
5/4/2020,252.5,2020,216
5/5/2020,247.6,2020,217
5/6/2020,243.1,2020,218
5/7/2020,238.1,2020,219
5/8/2020,232.4,2020,220
5/9/2020,224.4,2020,221
5/10/2020,216.5,2020,222
5/11/2020,208.5,2020,223
5/12/2020,202.2,2020,224
5/13/2020,198.7,2020,225
5/14/2020,194.3,2020,226
5/15/2020,190.3,2020,227
5/16/2020,188.1,2020,228
5/17/2020,183.5,2020,229
5/18/2020,178.7,2020,230
5/19/2020,174,2020,231
5/20/2020,169.5,2020,232
5/21/2020,165,2020,233
5/22/2020,160.7,2020,234
5/23/2020,157.3,2020,235
5/24/2020,153.7,2020,236
5/25/2020,149.7,2020,237
5/26/2020,143.1,2020,238
5/27/2020,136.1,2020,239
5/28/2020,129.8,2020,240
5/29/2020,123.9,2020,241
5/30/2020,119,2020,242
5/31/2020,115.4,2020,243
6/1/2020,110.8,2020,244
6/2/2020,108.3,2020,245
6/3/2020,104.7,2020,246
6/4/2020,102.1,2020,247
6/5/2020,98.4,2020,248
6/6/2020,93.8,2020,249
6/7/2020,90.7,2020,250
6/8/2020,85.8,2020,251
6/9/2020,82,2020,252
6/10/2020,77.8,2020,253
6/11/2020,72,2020,254
6/12/2020,68.6,2020,255
6/13/2020,64.6,2020,256
6/14/2020,61,2020,257
6/15/2020,57.4,2020,258
6/16/2020,52.3,2020,259
6/17/2020,47.7,2020,260
6/18/2020,39.6,2020,261
6/19/2020,30.6,2020,262
6/20/2020,22.1,2020,263
6/21/2020,16.5,2020,264
6/22/2020,10.9,2020,265
6/23/2020,8,2020,266
6/24/2020,0,2020,267
6/25/2020,0,2020,268
6/26/2020,0,2020,269
6/27/2020,0,2020,270
6/28/2020,0,2020,271
6/29/2020,0,2020,272
6/30/2020,0,2020,273
7/1/2020,0,2020,274
7/2/2020,0,2020,275
7/3/2020,0,2020,276
7/4/2020,0,2020,277
7/5/2020,0,2020,278
7/6/2020,0,2020,279
7/7/2020,0,2020,280
7/8/2020,0,2020,281
7/9/2020,0,2020,282
7/10/2020,0,2020,283
7/11/2020,0,2020,284
7/12/2020,0,2020,285
7/13/2020,0,2020,286
7/14/2020,0,2020,287
7/15/2020,0,2020,288
7/16/2020,0,2020,289
7/17/2020,0,2020,290
7/18/2020,0,2020,291
7/19/2020,0,2020,292
7/20/2020,0,2020,293
7/21/2020,0,2020,294
7/22/2020,0,2020,295
7/23/2020,0,2020,296
7/24/2020,0,2020,297
7/25/2020,0,2020,298
7/26/2020,0,2020,299
7/27/2020,0,2020,300
7/28/2020,0,2020,301
7/29/2020,0,2020,302
7/30/2020,0,2020,303
7/31/2020,0,2020,304
8/1/2020,0,2020,305
8/2/2020,0,2020,306
8/3/2020,0,2020,307
8/4/2020,0,2020,308
8/5/2020,0,2020,309
8/6/2020,0,2020,310
8/7/2020,0,2020,311
8/8/2020,0,2020,312
8/9/2020,0,2020,313
8/10/2020,0,2020,314
8/11/2020,0,2020,315
8/12/2020,0,2020,316
8/13/2020,0,2020,317
8/14/2020,0,2020,318
8/15/2020,0,2020,319
8/16/2020,0,2020,320
8/17/2020,0,2020,321
8/18/2020,0,2020,322
8/19/2020,0,2020,323
8/20/2020,0,2020,324
8/21/2020,0,2020,325
8/22/2020,0,2020,326
8/23/2020,0,2020,327
8/24/2020,0,2020,328
8/25/2020,0,2020,329
8/26/2020,0,2020,330
8/27/2020,0,2020,331
8/28/2020,0,2020,332
8/29/2020,0,2020,333
8/30/2020,0,2020,334
8/31/2020,0,2020,335
9/1/2020,0,2020,336
9/2/2020,0,2020,337
9/3/2020,0,2020,338
9/4/2020,0,2020,339
9/5/2020,0,2020,340
9/6/2020,0,2020,341
9/7/2020,0,2020,342
9/8/2020,0,2020,343
9/9/2020,0,2020,344
9/10/2020,0,2020,345
9/11/2020,0,2020,346
9/12/2020,0,2020,347
9/13/2020,0,2020,348
9/14/2020,0,2020,349
9/15/2020,0,2020,350
9/16/2020,0,2020,351
9/17/2020,0,2020,352
9/18/2020,0,2020,353
9/19/2020,0,2020,354
9/20/2020,0,2020,355
9/21/2020,0,2020,356
9/22/2020,0,2020,357
9/23/2020,0,2020,358
9/24/2020,0,2020,359
9/25/2020,0,2020,360
9/26/2020,0,2020,361
9/27/2020,0,2020,362
9/28/2020,0,2020,363
9/29/2020,0,2020,364
9/30/2020,0,2020,365
10/1/2020,0,2021,1
10/2/2020,0,2021,2
10/3/2020,0,2021,3
10/4/2020,0,2021,4
10/5/2020,0,2021,5
10/6/2020,0,2021,6
10/7/2020,0,2021,7
10/8/2020,0,2021,8
10/9/2020,0,2021,9
10/10/2020,0,2021,10
10/11/2020,0,2021,11
10/12/2020,0,2021,12
10/13/2020,0,2021,13
10/14/2020,0,2021,14
10/15/2020,0,2021,15
10/16/2020,0,2021,16
10/17/2020,0,2021,17
10/18/2020,0,2021,18
10/19/2020,0,2021,19
10/20/2020,0,2021,20
10/21/2020,0,2021,21
10/22/2020,0,2021,22
10/23/2020,8.6,2021,23
10/24/2020,8.7,2021,24
10/25/2020,8.3,2021,25
10/26/2020,7.6,2021,26
10/27/2020,6.3,2021,27
10/28/2020,2.8,2021,28
10/29/2020,0,2021,29
10/30/2020,0,2021,30
10/31/2020,0,2021,31
11/1/2020,0,2021,32
11/2/2020,0,2021,33
11/3/2020,0,2021,34
11/4/2020,0,2021,35
11/5/2020,0,2021,36
11/6/2020,0,2021,37
11/7/2020,0,2021,38
11/8/2020,2.3,2021,39
11/9/2020,4.9,2021,40
11/10/2020,11,2021,41
11/11/2020,9.7,2021,42
11/12/2020,18.8,2021,43
11/13/2020,64.4,2021,44
11/14/2020,63.5,2021,45
11/15/2020,73.5,2021,46
11/16/2020,72,2021,47
11/17/2020,57.9,2021,48
11/18/2020,57,2021,49
11/19/2020,76.9,2021,50
11/20/2020,94.7,2021,51
11/21/2020,89,2021,52
11/22/2020,86,2021,53
11/23/2020,89.3,2021,54
11/24/2020,96.2,2021,55
11/25/2020,100.6,2021,56
11/26/2020,99.5,2021,57
11/27/2020,103.2,2021,58
11/28/2020,103.9,2021,59
11/29/2020,102.1,2021,60
11/30/2020,111.3,2021,61
12/1/2020,110.8,2021,62
12/2/2020,108.2,2021,63
12/3/2020,107.6,2021,64
12/4/2020,104.8,2021,65
12/5/2020,102.9,2021,66
12/6/2020,101.4,2021,67
12/7/2020,97.2,2021,68
12/8/2020,92.9,2021,69
12/9/2020,92.8,2021,70
12/10/2020,92.1,2021,71
12/11/2020,99.2,2021,72
12/12/2020,98.1,2021,73
12/13/2020,104.1,2021,74
12/14/2020,112.2,2021,75
12/15/2020,130.2,2021,76
12/16/2020,138.7,2021,77
12/17/2020,140.1,2021,78
12/18/2020,156.2,2021,79
12/19/2020,169.6,2021,80
12/20/2020,169,2021,81
12/21/2020,174.7,2021,82
12/22/2020,179.8,2021,83
12/23/2020,176.3,2021,84
12/24/2020,172.6,2021,85
12/25/2020,170.7,2021,86
12/26/2020,185,2021,87
12/27/2020,202.3,2021,88
12/28/2020,204.8,2021,89
12/29/2020,199.9,2021,90
12/30/2020,233.7,2021,91
12/31/2020,251.6,2021,92
1/1/2021,236.9,2021,93
1/2/2021,225.6,2021,94
1/3/2021,239.3,2021,95
1/4/2021,251.1,2021,96
1/5/2021,259.8,2021,97
1/6/2021,278.7,2021,98
1/7/2021,267.4,2021,99
1/8/2021,270.5,2021,100
1/9/2021,271.4,2021,101
1/10/2021,278.2,2021,102
1/11/2021,275.7,2021,103
1/12/2021,271,2021,104
1/13/2021,263.6,2021,105
1/14/2021,260.9,2021,106
1/15/2021,258.8,2021,107
1/16/2021,257.4,2021,108
1/17/2021,265.2,2021,109
1/18/2021,262.3,2021,110
1/19/2021,261.4,2021,111
1/20/2021,260.3,2021,112
1/21/2021,259.6,2021,113
1/22/2021,257.6,2021,114
1/23/2021,257.2,2021,115
1/24/2021,262,2021,116
1/25/2021,270.8,2021,117
1/26/2021,281.4,2021,118
1/27/2021,289.4,2021,119
1/28/2021,289.8,2021,120
1/29/2021,288.7,2021,121
1/30/2021,305.6,2021,122
1/31/2021,312.8,2021,123
2/1/2021,314.6,2021,124
2/2/2021,328.4,2021,125
2/3/2021,326.7,2021,126
2/4/2021,323.5,2021,127
2/5/2021,327.1,2021,128
2/6/2021,327.3,2021,129
2/7/2021,324.7,2021,130
2/8/2021,323.9,2021,131
2/9/2021,323,2021,132
2/10/2021,321.7,2021,133
2/11/2021,318.8,2021,134
2/12/2021,313.7,2021,135
2/13/2021,315.5,2021,136
2/14/2021,316.9,2021,137
2/15/2021,321.9,2021,138
2/16/2021,322.5,2021,139
2/17/2021,319,2021,140
2/18/2021,324.8,2021,141
2/19/2021,343.4,2021,142
2/20/2021,355,2021,143
2/21/2021,368.3,2021,144
2/22/2021,356.8,2021,145
2/23/2021,355.1,2021,146
2/24/2021,352,2021,147
2/25/2021,370.8,2021,148
2/26/2021,373.3,2021,149
2/27/2021,368.6,2021,150
2/28/2021,368.9,2021,151
3/1/2021,365.7,2021,152
3/2/2021,361.7,2021,153
3/3/2021,359.6,2021,154
3/4/2021,359.5,2021,155
3/5/2021,362.8,2021,156
3/6/2021,374.9,2021,157
3/7/2021,401.2,2021,158
3/8/2021,406.8,2021,159
3/9/2021,396.8,2021,160
3/10/2021,393,2021,161
3/11/2021,389.6,2021,162
3/12/2021,384.8,2021,163
3/13/2021,378,2021,164
3/14/2021,378.5,2021,165
3/15/2021,380.1,2021,166
3/16/2021,375.2,2021,167
3/17/2021,371.9,2021,168
3/18/2021,371.5,2021,169
3/19/2021,394.3,2021,170
3/20/2021,412.5,2021,171
3/21/2021,420,2021,172
3/22/2021,435.3,2021,173
3/23/2021,424.4,2021,174
3/24/2021,429.1,2021,175
3/25/2021,422.2,2021,176
3/26/2021,416.8,2021,177
3/27/2021,413.8,2021,178
3/28/2021,430.2,2021,179
3/29/2021,432.5,2021,180
3/30/2021,429.3,2021,181
3/31/2021,423.6,2021,182
4/1/2021,416.9,2021,183
4/2/2021,413.1,2021,184
4/3/2021,415.6,2021,185
4/4/2021,413,2021,186
4/5/2021,409.2,2021,187
4/6/2021,405.3,2021,188
4/7/2021,416.5,2021,189
4/8/2021,427.9,2021,190
4/9/2021,437.3,2021,191
4/10/2021,456.9,2021,192
4/11/2021,448.4,2021,193
4/12/2021,440.1,2021,194
4/13/2021,429.1,2021,195
4/14/2021,419.7,2021,196
4/15/2021,411.1,2021,197
4/16/2021,403.4,2021,198
4/17/2021,397.1,2021,199
4/18/2021,391.3,2021,200
4/19/2021,386,2021,201
4/20/2021,380.7,2021,202
4/21/2021,375.6,2021,203
4/22/2021,370.5,2021,204
4/23/2021,367.2,2021,205
4/24/2021,365.1,2021,206
4/25/2021,363,2021,207
4/26/2021,360.2,2021,208
4/27/2021,357,2021,209
4/28/2021,354.2,2021,210
4/29/2021,349.5,2021,211
4/30/2021,344.6,2021,212
5/1/2021,339.8,2021,213
5/2/2021,335.6,2021,214
5/3/2021,333,2021,215
5/4/2021,330.3,2021,216
5/5/2021,327,2021,217
5/6/2021,323.2,2021,218
5/7/2021,320.1,2021,219
5/8/2021,318.2,2021,220
5/9/2021,314.6,2021,221
5/10/2021,311.2,2021,222
5/11/2021,306.7,2021,223
5/12/2021,303.3,2021,224
5/13/2021,298.3,2021,225
5/14/2021,292.4,2021,226
5/15/2021,286.1,2021,227
5/16/2021,279.9,2021,228
5/17/2021,275.4,2021,229
5/18/2021,273.4,2021,230
5/19/2021,270.6,2021,231
5/20/2021,266.7,2021,232
5/21/2021,261.4,2021,233
5/22/2021,255.3,2021,234
5/23/2021,251.6,2021,235
5/24/2021,248.3,2021,236
5/25/2021,244.5,2021,237
5/26/2021,240.6,2021,238
5/27/2021,236.5,2021,239
5/28/2021,231.1,2021,240
5/29/2021,223.6,2021,241
5/30/2021,218.8,2021,242
5/31/2021,212.6,2021,243
6/1/2021,204.2,2021,244
6/2/2021,195.9,2021,245
6/3/2021,186.2,2021,246
6/4/2021,180.7,2021,247
6/5/2021,176.3,2021,248
6/6/2021,172.8,2021,249
6/7/2021,167.4,2021,250
6/8/2021,161.2,2021,251
6/9/2021,157.6,2021,252
6/10/2021,154.2,2021,253
6/11/2021,151.6,2021,254
6/12/2021,145.6,2021,255
6/13/2021,137.6,2021,256
6/14/2021,131.1,2021,257
6/15/2021,125.8,2021,258
6/16/2021,119.7,2021,259
6/17/2021,114.4,2021,260
6/18/2021,107.4,2021,261
6/19/2021,103.4,2021,262
6/20/2021,95.8,2021,263
6/21/2021,83.8,2021,264
6/22/2021,74.1,2021,265
6/23/2021,64.6,2021,266
6/24/2021,54.9,2021,267
6/25/2021,45.7,2021,268
6/26/2021,31.9,2021,269
6/27/2021,17.8,2021,270
6/28/2021,8.4,2021,271
6/29/2021,0,2021,272
6/30/2021,0,2021,273
7/1/2021,0,2021,274
7/2/2021,0,2021,275
7/3/2021,0,2021,276
7/4/2021,0,2021,277
7/5/2021,0,2021,278
7/6/2021,0,2021,279
7/7/2021,0,2021,280
7/8/2021,0,2021,281
7/9/2021,0,2021,282
7/10/2021,0,2021,283
7/11/2021,0,2021,284
7/12/2021,0,2021,285
7/13/2021,0,2021,286
7/14/2021,0,2021,287
7/15/2021,0,2021,288
7/16/2021,0,2021,289
7/17/2021,0,2021,290
7/18/2021,0,2021,291
7/19/2021,0,2021,292
7/20/2021,0,2021,293
7/21/2021,0,2021,294
7/22/2021,0,2021,295
7/23/2021,0,2021,296
7/24/2021,0,2021,297
7/25/2021,0,2021,298
7/26/2021,0,2021,299
7/27/2021,0,2021,300
7/28/2021,0,2021,301
7/29/2021,0,2021,302
7/30/2021,0,2021,303
7/31/2021,0,2021,304
8/1/2021,0,2021,305
8/2/2021,0,2021,306
8/3/2021,0,2021,307
8/4/2021,0,2021,308
8/5/2021,0,2021,309
8/6/2021,0,2021,310
8/7/2021,0,2021,311
8/8/2021,0,2021,312
8/9/2021,0,2021,313
8/10/2021,0,2021,314
8/11/2021,0,2021,315
8/12/2021,0,2021,316
8/13/2021,0,2021,317
8/14/2021,0,2021,318
8/15/2021,0,2021,319
8/16/2021,0,2021,320
8/17/2021,0,2021,321
8/18/2021,0,2021,322
8/19/2021,0,2021,323
8/20/2021,0,2021,324
8/21/2021,0,2021,325
8/22/2021,0,2021,326
8/23/2021,0,2021,327
8/24/2021,0,2021,328
8/25/2021,0,2021,329
8/26/2021,0,2021,330
8/27/2021,0,2021,331
8/28/2021,0,2021,332
8/29/2021,0,2021,333
8/30/2021,0,2021,334
8/31/2021,0,2021,335
9/1/2021,0,2021,336
9/2/2021,0,2021,337
9/3/2021,0,2021,338
9/4/2021,0,2021,339
9/5/2021,0,2021,340
9/6/2021,0,2021,341
9/7/2021,0,2021,342
9/8/2021,0,2021,343
9/9/2021,0,2021,344
9/10/2021,0,2021,345
9/11/2021,0,2021,346
9/12/2021,0,2021,347
9/13/2021,0,2021,348
9/14/2021,0,2021,349
9/15/2021,0,2021,350
9/16/2021,0,2021,351
9/17/2021,0,2021,352
9/18/2021,0,2021,353
9/19/2021,0,2021,354
9/20/2021,0,2021,355
9/21/2021,0,2021,356
9/22/2021,0,2021,357
9/23/2021,0,2021,358
9/24/2021,0,2021,359
9/25/2021,0,2021,360
9/26/2021,0,2021,361
9/27/2021,0,2021,362
9/28/2021,0,2021,363
9/29/2021,0,2022,1
9/30/2021,0,2022,2
10/1/2021,0,2022,3
10/2/2021,0,2022,4
10/3/2021,0,2022,5
10/4/2021,0,2022,6
10/5/2021,0,2022,7
10/6/2021,0,2022,8
10/7/2021,0,2022,9
10/8/2021,0,2022,10
10/9/2021,0,2022,11
10/10/2021,0,2022,12
10/11/2021,1.7,2022,13
10/12/2021,8.9,2022,14
10/13/2021,6.4,2022,15
10/14/2021,5.4,2022,16
10/15/2021,0,2022,17
10/16/2021,0,2022,18
10/17/2021,0,2022,19
10/18/2021,0,2022,20
10/19/2021,0,2022,21
10/20/2021,0,2022,22
10/21/2021,0,2022,23
10/22/2021,0,2022,24
10/23/2021,0,2022,25
10/24/2021,0,2022,26
10/25/2021,0,2022,27
10/26/2021,0,2022,28
10/27/2021,0,2022,29
10/28/2021,0,2022,30
10/29/2021,0,2022,31
10/30/2021,0,2022,32
10/31/2021,0,2022,33
11/1/2021,0,2022,34
11/2/2021,0,2022,35
11/3/2021,0,2022,36
11/4/2021,0,2022,37
11/5/2021,3.4,2022,38
11/6/2021,22.8,2022,39
11/7/2021,69.2,2022,40
11/8/2021,97.1,2022,41
11/9/2021,103.6,2022,42
11/10/2021,107.1,2022,43
11/11/2021,98.7,2022,44
11/12/2021,76.6,2022,45
11/13/2021,76.1,2022,46
11/14/2021,76.8,2022,47
11/15/2021,54.5,2022,48
11/16/2021,49.6,2022,49
11/17/2021,51.1,2022,50
11/18/2021,53.3,2022,51
11/19/2021,55.5,2022,52
11/20/2021,57.6,2022,53
11/21/2021,59.8,2022,54
11/22/2021,62,2022,55
11/23/2021,63.7,2022,56
11/24/2021,67.6,2022,57
11/25/2021,87.2,2022,58
11/26/2021,88.2,2022,59
11/27/2021,82.8,2022,60
11/28/2021,69.9,2022,61
11/29/2021,66.3,2022,62
11/30/2021,63.7,2022,63
12/1/2021,56.5,2022,64
12/2/2021,53.8,2022,65
12/3/2021,53.9,2022,66
12/4/2021,60.7,2022,67
12/5/2021,61.2,2022,68
12/6/2021,68.4,2022,69
12/7/2021,68.6,2022,70
12/8/2021,67.7,2022,71
12/9/2021,69,2022,72
12/10/2021,82.2,2022,73
12/11/2021,137.7,2022,74
12/12/2021,164.6,2022,75
12/13/2021,182.2,2022,76
12/14/2021,189.7,2022,77
12/15/2021,194.4,2022,78
12/16/2021,190.7,2022,79
12/17/2021,185.1,2022,80
12/18/2021,213.9,2022,81
12/19/2021,220.6,2022,82
12/20/2021,210.5,2022,83
12/21/2021,203.2,2022,84
12/22/2021,227.1,2022,85
12/23/2021,233,2022,86
12/24/2021,238.4,2022,87
12/25/2021,242.9,2022,88
12/26/2021,236.2,2022,89
12/27/2021,225.1,2022,90
12/28/2021,220.4,2022,91
12/29/2021,217.5,2022,92
12/30/2021,220.5,2022,93
12/31/2021,215.7,2022,94
1/1/2022,213.4,2022,95
1/2/2022,246.1,2022,96
1/3/2022,293,2022,97
1/4/2022,324.6,2022,98
1/5/2022,325.6,2022,99
1/6/2022,323.4,2022,100
1/7/2022,323.9,2022,101
1/8/2022,314.4,2022,102
1/9/2022,314.2,2022,103
1/10/2022,311.3,2022,104
1/11/2022,302.8,2022,105
1/12/2022,287,2022,106
1/13/2022,273.8,2022,107
1/14/2022,267.2,2022,108
1/15/2022,262.5,2022,109
1/16/2022,258.8,2022,110
1/17/2022,257.1,2022,111
1/18/2022,255.5,2022,112
1/19/2022,253.3,2022,113
1/20/2022,247.7,2022,114
1/21/2022,242.6,2022,115
1/22/2022,241.3,2022,116
1/23/2022,240.2,2022,117
1/24/2022,239,2022,118
1/25/2022,236.9,2022,119
1/26/2022,236.3,2022,120
1/27/2022,236,2022,121
1/28/2022,235.5,2022,122
1/29/2022,236.2,2022,123
1/30/2022,262.2,2022,124
1/31/2022,270.5,2022,125
2/1/2022,266.8,2022,126
2/2/2022,266.9,2022,127
2/3/2022,269.8,2022,128
2/4/2022,279.8,2022,129
2/5/2022,284.9,2022,130
2/6/2022,281.1,2022,131
2/7/2022,283.5,2022,132
2/8/2022,283.4,2022,133
2/9/2022,283.8,2022,134
2/10/2022,280,2022,135
2/11/2022,276.3,2022,136
2/12/2022,275.5,2022,137
2/13/2022,274.7,2022,138
2/14/2022,275.4,2022,139
2/15/2022,274.9,2022,140
2/16/2022,275,2022,141
2/17/2022,275.7,2022,142
2/18/2022,275.4,2022,143
2/19/2022,282.5,2022,144
2/20/2022,287.9,2022,145
2/21/2022,292,2022,146
2/22/2022,286.3,2022,147
2/23/2022,284.1,2022,148
2/24/2022,281.9,2022,149
2/25/2022,280.5,2022,150
2/26/2022,284.7,2022,151
2/27/2022,306.6,2022,152
2/28/2022,314.3,2022,153
3/1/2022,303.3,2022,154
3/2/2022,303.2,2022,155
3/3/2022,300.8,2022,156
3/4/2022,300.1,2022,157
3/5/2022,298,2022,158
3/6/2022,296.2,2022,159
3/7/2022,295.6,2022,160
3/8/2022,294.1,2022,161
3/9/2022,292.4,2022,162
3/10/2022,291.9,2022,163
3/11/2022,295.8,2022,164
3/12/2022,310.4,2022,165
3/13/2022,315.2,2022,166
3/14/2022,327.9,2022,167
3/15/2022,347.1,2022,168
3/16/2022,348.9,2022,169
3/17/2022,350.5,2022,170
3/18/2022,352.2,2022,171
3/19/2022,362.9,2022,172
3/20/2022,366.8,2022,173
3/21/2022,380.3,2022,174
3/22/2022,364.4,2022,175
3/23/2022,351.1,2022,176
3/24/2022,346.2,2022,177
3/25/2022,343.1,2022,178
3/26/2022,342.8,2022,179
3/27/2022,338.8,2022,180
3/28/2022,333.2,2022,181
3/29/2022,329,2022,182
3/30/2022,327.7,2022,183
3/31/2022,327.2,2022,184
4/1/2022,328.7,2022,185
4/2/2022,338.9,2022,186
4/3/2022,372.1,2022,187
4/4/2022,399.2,2022,188
4/5/2022,416.1,2022,189
4/6/2022,403.3,2022,190
4/7/2022,391.7,2022,191
4/8/2022,380.9,2022,192
4/9/2022,379.4,2022,193
4/10/2022,377.4,2022,194
4/11/2022,374.5,2022,195
4/12/2022,379.2,2022,196
4/13/2022,382.6,2022,197
4/14/2022,375.1,2022,198
4/15/2022,373.4,2022,199
4/16/2022,372.4,2022,200
4/17/2022,372.1,2022,201
4/18/2022,378.6,2022,202
4/19/2022,397.2,2022,203
4/20/2022,403.7,2022,204
4/21/2022,398.9,2022,205
4/22/2022,395,2022,206
4/23/2022,388.1,2022,207
4/24/2022,383.5,2022,208
4/25/2022,380.6,2022,209
4/26/2022,381.6,2022,210
4/27/2022,393.9,2022,211
4/28/2022,427.7,2022,212
4/29/2022,375.6,2022,213
4/30/2022,372.5,2022,214
5/1/2022,368.5,2022,215
5/2/2022,365,2022,216
5/3/2022,361.6,2022,217
5/4/2022,359.3,2022,218
5/5/2022,357.6,2022,219
5/6/2022,357.6,2022,220
5/7/2022,354.8,2022,221
5/8/2022,355.9,2022,222
5/9/2022,355.5,2022,223
5/10/2022,355.6,2022,224
5/11/2022,354.6,2022,225
5/12/2022,361.5,2022,226
5/13/2022,369.8,2022,227
5/14/2022,366,2022,228
5/15/2022,360.5,2022,229
5/16/2022,352.9,2022,230
5/17/2022,347.9,2022,231
5/18/2022,352.2,2022,232
5/19/2022,353.3,2022,233
5/20/2022,348.7,2022,234
5/21/2022,343.7,2022,235
5/22/2022,338,2022,236
5/23/2022,334.1,2022,237
5/24/2022,331.3,2022,238
5/25/2022,327.6,2022,239
5/26/2022,322.9,2022,240
5/27/2022,317.3,2022,241
5/28/2022,312.3,2022,242
5/29/2022,308.9,2022,243
5/30/2022,305.3,2022,244
5/31/2022,299.7,2022,245
6/1/2022,294.1,2022,246
6/2/2022,287.1,2022,247
6/3/2022,281.5,2022,248
6/4/2022,275.5,2022,249
6/5/2022,270.4,2022,250
6/6/2022,265.7,2022,251
6/7/2022,259.9,2022,252
6/8/2022,253.9,2022,253
6/9/2022,251.5,2022,254
6/10/2022,243.2,2022,255
6/11/2022,237.7,2022,256
6/12/2022,233.2,2022,257
6/13/2022,229.1,2022,258
6/14/2022,224.4,2022,259
6/15/2022,218.5,2022,260
6/16/2022,212.7,2022,261
6/17/2022,207.5,2022,262
6/18/2022,203.2,2022,263
6/19/2022,198.3,2022,264
6/20/2022,194.8,2022,265
6/21/2022,191.4,2022,266
6/22/2022,183.8,2022,267
6/23/2022,178.4,2022,268
6/24/2022,171.5,2022,269
6/25/2022,161.2,2022,270
6/26/2022,151.1,2022,271
6/27/2022,141.8,2022,272
6/28/2022,135.1,2022,273
6/29/2022,128.4,2022,274
6/30/2022,120.7,2022,275
7/1/2022,114.8,2022,276
7/2/2022,106.7,2022,277
7/3/2022,100.6,2022,278
7/4/2022,96.6,2022,279
7/5/2022,89.2,2022,280
7/6/2022,82,2022,281
7/7/2022,75.5,2022,282
7/8/2022,69.9,2022,283
7/9/2022,65.2,2022,284
7/10/2022,60.3,2022,285
7/11/2022,52.3,2022,286
7/12/2022,43.5,2022,287
7/13/2022,34.5,2022,288
7/14/2022,26.4,2022,289
7/15/2022,19.4,2022,290
7/16/2022,12.6,2022,291
7/17/2022,5.2,2022,292
7/18/2022,0,2022,293
7/19/2022,0,2022,294
7/20/2022,0,2022,295
7/21/2022,0,2022,296
7/22/2022,0,2022,297
7/23/2022,0,2022,298
7/24/2022,0,2022,299
7/25/2022,0,2022,300
7/26/2022,0,2022,301
7/27/2022,0,2022,302
7/28/2022,0,2022,303
7/29/2022,0,2022,304
7/30/2022,0,2022,305
7/31/2022,0,2022,306
8/1/2022,0,2022,307
8/2/2022,0,2022,308
8/3/2022,0,2022,309
8/4/2022,0,2022,310
8/5/2022,0,2022,311
8/6/2022,0,2022,312
8/7/2022,0,2022,313
8/8/2022,0,2022,314
8/9/2022,0,2022,315
8/10/2022,0,2022,316
8/11/2022,0,2022,317
8/12/2022,0,2022,318
8/13/2022,0,2022,319
8/14/2022,0,2022,320
8/15/2022,0,2022,321
8/16/2022,0,2022,322
8/17/2022,0,2022,323
8/18/2022,0,2022,324
8/19/2022,0,2022,325
8/20/2022,0,2022,326
8/21/2022,0,2022,327
8/22/2022,0,2022,328
8/23/2022,0,2022,329
8/24/2022,0,2022,330
8/25/2022,0,2022,331
8/26/2022,0,2022,332
8/27/2022,0,2022,333
8/28/2022,0,2022,334
8/29/2022,0,2022,335
8/30/2022,0,2022,336
8/31/2022,0,2022,337
9/1/2022,0,2022,338
9/2/2022,0,2022,339
9/3/2022,0,2022,340
9/4/2022,0,2022,341
9/5/2022,0,2022,342
9/6/2022,0,2022,343
9/7/2022,0,2022,344
9/8/2022,0,2022,345
9/9/2022,0,2022,346
9/10/2022,0,2022,347
9/11/2022,0,2022,348
9/12/2022,0,2022,349
9/13/2022,0,2022,350
9/14/2022,0,2022,351
9/15/2022,0,2022,352
9/16/2022,0,2022,353
9/17/2022,0,2022,354
9/18/2022,0,2022,355
9/19/2022,0,2022,356
9/20/2022,0,2022,357
9/21/2022,0,2022,358
9/22/2022,0,2022,359
9/23/2022,0,2022,360
9/24/2022,0,2022,361
9/25/2022,0,2022,362
9/26/2022,0,2022,363
9/27/2022,0,2022,364
9/28/2022,0,2022,365
9/29/2022,0,2022,366
9/30/2022,0,2022,367
10/1/2022,0,2023,1
10/2/2022,0,2023,2
10/3/2022,0,2023,3
10/4/2022,0,2023,4
10/5/2022,0,2023,5
10/6/2022,0,2023,6
10/7/2022,0,2023,7
10/8/2022,0,2023,8
10/9/2022,0,2023,9
10/10/2022,0,2023,10
10/11/2022,0,2023,11
10/12/2022,0,2023,12
10/13/2022,0,2023,13
10/14/2022,0,2023,14
10/15/2022,0,2023,15
10/16/2022,0,2023,16
10/17/2022,0,2023,17
10/18/2022,0,2023,18
10/19/2022,0,2023,19
10/20/2022,0,2023,20
10/21/2022,0,2023,21
10/22/2022,0,2023,22
10/23/2022,2.1,2023,23
10/24/2022,10.4,2023,24
10/25/2022,12.3,2023,25
10/26/2022,22.1,2023,26
10/27/2022,21.8,2023,27
10/28/2022,14.3,2023,28
10/29/2022,10.4,2023,29
10/30/2022,5.9,2023,30
10/31/2022,2.5,2023,31
11/1/2022,2.3,2023,32
11/2/2022,3,2023,33
11/3/2022,11.6,2023,34
11/4/2022,29.1,2023,35
11/5/2022,19.8,2023,36
11/6/2022,49,2023,37
11/7/2022,65.1,2023,38
11/8/2022,60.5,2023,39
11/9/2022,54.1,2023,40
11/10/2022,51.1,2023,41
11/11/2022,47.4,2023,42
11/12/2022,44.4,2023,43
11/13/2022,41.9,2023,44
11/14/2022,39.6,2023,45
11/15/2022,37.6,2023,46
11/16/2022,36.1,2023,47
11/17/2022,35.7,2023,48
11/18/2022,34.5,2023,49
11/19/2022,34,2023,50
11/20/2022,34,2023,51
11/21/2022,32.7,2023,52
11/22/2022,31.6,2023,53
11/23/2022,30.6,2023,54
11/24/2022,28.8,2023,55
11/25/2022,26.3,2023,56
11/26/2022,34.9,2023,57
11/27/2022,56.7,2023,58
11/28/2022,54.4,2023,59
11/29/2022,60.8,2023,60
11/30/2022,88,2023,61
12/1/2022,83.2,2023,62
12/2/2022,84.6,2023,63
12/3/2022,84.2,2023,64
12/4/2022,79.4,2023,65
12/5/2022,76.3,2023,66
12/6/2022,75.6,2023,67
12/7/2022,74.4,2023,68
12/8/2022,97.9,2023,69
12/9/2022,111,2023,70
12/10/2022,137.2,2023,71
12/11/2022,135.3,2023,72
12/12/2022,128.4,2023,73
12/13/2022,125.1,2023,74
12/14/2022,120.2,2023,75
12/15/2022,120,2023,76
12/16/2022,117.1,2023,77
12/17/2022,116.4,2023,78
12/18/2022,127.8,2023,79
12/19/2022,129.4,2023,80
12/20/2022,138.5,2023,81
12/21/2022,134.9,2023,82
12/22/2022,130.8,2023,83
12/23/2022,139.7,2023,84
12/24/2022,139.2,2023,85
12/25/2022,128.7,2023,86
12/26/2022,110.5,2023,87
12/27/2022,101.3,2023,88
12/28/2022,103,2023,89
12/29/2022,110.2,2023,90
12/30/2022,124.1,2023,91
12/31/2022,135.4,2023,92
1/1/2023,129.9,2023,93
1/2/2023,127.7,2023,94
1/3/2023,127.4,2023,95
1/4/2023,126.5,2023,96
1/5/2023,126.5,2023,97
1/6/2023,123.1,2023,98
1/7/2023,122.7,2023,99
1/8/2023,125,2023,100
1/9/2023,131.3,2023,101
1/10/2023,136.2,2023,102
1/11/2023,135.4,2023,103
1/12/2023,132.9,2023,104
1/13/2023,122.4,2023,105
1/14/2023,118.5,2023,106
1/15/2023,117.7,2023,107
1/16/2023,135.2,2023,108
1/17/2023,149.7,2023,109
1/18/2023,176.1,2023,110
1/19/2023,174.6,2023,111
1/20/2023,171.7,2023,112
1/21/2023,175.2,2023,113
1/22/2023,175.7,2023,114
1/23/2023,173.8,2023,115
1/24/2023,172.9,2023,116
1/25/2023,170,2023,117
1/26/2023,167.9,2023,118
1/27/2023,166.7,2023,119
1/28/2023,165,2023,120
1/29/2023,163.2,2023,121
1/30/2023,161.9,2023,122
1/31/2023,163.1,2023,123
2/1/2023,166.2,2023,124
2/2/2023,165.1,2023,125
2/3/2023,169,2023,126
2/4/2023,183,2023,127
2/5/2023,177.4,2023,128
2/6/2023,179.6,2023,129
2/7/2023,214.4,2023,130
2/8/2023,218.6,2023,131
2/9/2023,220.9,2023,132
2/10/2023,225.1,2023,133
2/11/2023,223.2,2023,134
2/12/2023,223.5,2023,135
2/13/2023,227.4,2023,136
2/14/2023,224.7,2023,137
2/15/2023,220.5,2023,138
2/16/2023,226.2,2023,139
2/17/2023,245,2023,140
2/18/2023,243.2,2023,141
2/19/2023,242.5,2023,142
2/20/2023,242.9,2023,143
2/21/2023,244.3,2023,144
2/22/2023,239.7,2023,145
2/23/2023,236.5,2023,146
2/24/2023,234.5,2023,147
2/25/2023,237.5,2023,148
2/26/2023,274.5,2023,149
2/27/2023,277.7,2023,150
2/28/2023,293,2023,151
3/1/2023,292.1,2023,152
3/2/2023,305.1,2023,153
3/3/2023,307.2,2023,154
3/4/2023,324.6,2023,155
3/5/2023,324.8,2023,156
3/6/2023,313.1,2023,157
3/7/2023,307.5,2023,158
3/8/2023,301.2,2023,159
3/9/2023,294.8,2023,160
3/10/2023,290.7,2023,161
3/11/2023,300.5,2023,162
3/12/2023,303.8,2023,163
3/13/2023,313.1,2023,164
3/14/2023,321.4,2023,165
3/15/2023,319.5,2023,166
3/16/2023,310.7,2023,167
3/17/2023,303.8,2023,168
3/18/2023,296.5,2023,169
3/19/2023,289.5,2023,170
3/20/2023,284.6,2023,171
3/21/2023,277.8,2023,172
3/22/2023,271.7,2023,173
3/23/2023,280.1,2023,174
3/24/2023,297.7,2023,175
3/25/2023,293.3,2023,176
3/26/2023,288.9,2023,177
3/27/2023,285.6,2023,178
3/28/2023,281,2023,179
3/29/2023,276,2023,180
3/30/2023,272.2,2023,181
3/31/2023,286.2,2023,182
4/1/2023,318.5,2023,183
4/2/2023,319.1,2023,184
4/3/2023,313.4,2023,185
4/4/2023,314.2,2023,186
4/5/2023,308.6,2023,187
4/6/2023,308.1,2023,188
4/7/2023,296.6,2023,189
4/8/2023,304.3,2023,190
4/9/2023,299.9,2023,191
4/10/2023,291.4,2023,192
4/11/2023,313.9,2023,193
4/12/2023,313.4,2023,194
4/13/2023,308.9,2023,195
4/14/2023,303.7,2023,196
4/15/2023,302,2023,197
4/16/2023,317.6,2023,198
4/17/2023,338.7,2023,199
4/18/2023,353,2023,200
4/19/2023,357.9,2023,201
4/20/2023,357.7,2023,202
4/21/2023,360.1,2023,203
4/22/2023,346,2023,204
4/23/2023,334.4,2023,205
4/24/2023,329.8,2023,206
4/25/2023,323.2,2023,207
4/26/2023,319.4,2023,208
4/27/2023,313,2023,209
4/28/2023,306.1,2023,210
4/29/2023,298.7,2023,211
4/30/2023,294.3,2023,212
5/1/2023,291.2,2023,213
5/2/2023,283.6,2023,214
5/3/2023,274.8,2023,215
5/4/2023,267.4,2023,216
5/5/2023,262.3,2023,217
5/6/2023,259.2,2023,218
5/7/2023,255.8,2023,219
5/8/2023,252,2023,220
5/9/2023,248.8,2023,221
5/10/2023,242.9,2023,222
5/11/2023,236.1,2023,223
5/12/2023,229.3,2023,224
5/13/2023,221.5,2023,225
5/14/2023,212.5,2023,226
5/15/2023,203.3,2023,227
5/16/2023,195.9,2023,228
5/17/2023,188.3,2023,229
5/18/2023,181,2023,230
5/19/2023,172.7,2023,231
5/20/2023,164.8,2023,232
5/21/2023,160.2,2023,233
5/22/2023,156,2023,234
5/23/2023,152.6,2023,235
5/24/2023,146.6,2023,236
5/25/2023,139.6,2023,237
5/26/2023,133.6,2023,238
5/27/2023,125.9,2023,239
5/28/2023,116.8,2023,240
5/29/2023,109.8,2023,241
5/30/2023,103.9,2023,242
5/31/2023,99.3,2023,243
6/1/2023,93.8,2023,244
6/2/2023,87.6,2023,245
6/3/2023,81,2023,246
6/4/2023,72.7,2023,247
6/5/2023,64.9,2023,248
6/6/2023,57.2,2023,249
6/7/2023,48.8,2023,250
6/8/2023,39.2,2023,251
6/9/2023,32.7,2023,252
6/10/2023,27.8,2023,253
6/11/2023,20.1,2023,254
6/12/2023,10.9,2023,255
6/13/2023,3.8,2023,256
6/14/2023,1.5,2023,257
6/15/2023,0,2023,258
6/16/2023,0,2023,259
6/17/2023,0,2023,260
6/18/2023,0,2023,261
6/19/2023,0,2023,262
6/20/2023,0,2023,263
6/21/2023,0,2023,264
6/22/2023,0,2023,265
6/23/2023,0,2023,266
6/24/2023,0,2023,267
6/25/2023,0,2023,268
6/26/2023,0,2023,269
6/27/2023,0,2023,270
6/28/2023,0,2023,271
6/29/2023,0,2023,272
6/30/2023,0,2023,273
7/1/2023,0,2023,274
7/2/2023,0,2023,275
7/3/2023,0,2023,276
7/4/2023,0,2023,277
7/5/2023,0,2023,278
7/6/2023,0,2023,279
7/7/2023,0,2023,280
7/8/2023,0,2023,281
7/9/2023,0,2023,282
7/10/2023,0,2023,283
7/11/2023,0,2023,284
7/12/2023,0,2023,285
7/13/2023,0,2023,286
7/14/2023,0,2023,287
7/15/2023,0,2023,288
7/16/2023,0,2023,289
7/17/2023,0,2023,290
7/18/2023,0,2023,291
7/19/2023,0,2023,292
7/20/2023,0,2023,293
7/21/2023,0,2023,294
7/22/2023,0,2023,295
7/23/2023,0,2023,296
7/24/2023,0,2023,297
7/25/2023,0,2023,298
7/26/2023,0,2023,299
7/27/2023,0,2023,300
7/28/2023,0,2023,301
7/29/2023,0,2023,302
7/30/2023,0,2023,303
7/31/2023,0,2023,304
8/1/2023,0,2023,305
8/2/2023,0,2023,306
8/3/2023,0,2023,307
8/4/2023,0,2023,308
8/5/2023,0,2023,309
8/6/2023,0,2023,310
8/7/2023,0,2023,311
8/8/2023,0,2023,312
8/9/2023,0,2023,313
8/10/2023,0,2023,314
8/11/2023,0,2023,315
8/12/2023,0,2023,316
8/13/2023,0,2023,317
8/14/2023,0,2023,318
8/15/2023,0,2023,319
8/16/2023,0,2023,320
8/17/2023,0,2023,321
8/18/2023,0,2023,322
8/19/2023,0,2023,323
8/20/2023,0,2023,324
8/21/2023,0,2023,325
8/22/2023,0,2023,326
8/23/2023,0,2023,327
8/24/2023,0,2023,328
8/25/2023,0,2023,329
8/26/2023,0,2023,330
8/27/2023,0,2023,331
8/28/2023,0,2023,332
8/29/2023,0,2023,333
8/30/2023,0,2023,334
8/31/2023,0,2023,335
9/1/2023,0,2023,336
9/2/2023,0,2023,337
9/3/2023,0,2023,338
9/4/2023,0,2023,339
9/5/2023,0,2023,340
9/6/2023,0,2023,341
9/7/2023,0,2023,342
9/8/2023,0,2023,343
9/9/2023,0,2023,344
9/10/2023,0,2023,345
9/11/2023,0,2023,346
9/12/2023,0,2023,347
9/13/2023,0,2023,348
9/14/2023,0,2023,349
9/15/2023,0,2023,350
9/16/2023,0,2023,351
9/17/2023,0,2023,352
9/18/2023,0,2023,353
9/19/2023,0,2023,354
9/20/2023,0,2023,355
9/21/2023,0,2023,356
9/22/2023,0,2023,357
9/23/2023,0,2023,358
9/24/2023,0,2023,359
9/25/2023,0,2023,360
9/26/2023,0,2023,361
9/27/2023,0,2023,362
9/28/2023,0,2023,363
9/29/2023,0,2023,364
9/30/2023,0,2023,365
10/1/2023,0,2024,1
10/2/2023,0,2024,2
10/3/2023,0,2024,3
10/4/2023,0,2024,4
10/5/2023,0,2024,5
10/6/2023,0,2024,6
10/7/2023,0,2024,7
10/8/2023,0,2024,8
10/9/2023,0,2024,9
10/10/2023,0,2024,10
10/11/2023,0,2024,11
10/12/2023,0,2024,12
10/13/2023,0,2024,13
10/14/2023,0,2024,14
10/15/2023,0,2024,15
10/16/2023,0,2024,16
10/17/2023,0,2024,17
10/18/2023,0,2024,18
10/19/2023,0,2024,19
10/20/2023,0,2024,20
10/21/2023,0,2024,21
10/22/2023,0,2024,22
10/23/2023,1.2,2024,23
10/24/2023,5.5,2024,24
10/25/2023,8.9,2024,25
10/26/2023,4.4,2024,26
10/27/2023,3.4,2024,27
10/28/2023,2.7,2024,28
10/29/2023,2.2,2024,29
10/30/2023,1.7,2024,30
10/31/2023,0,2024,31
11/1/2023,0,2024,32
11/2/2023,0,2024,33
11/3/2023,0,2024,34
11/4/2023,0,2024,35
11/5/2023,0,2024,36
11/6/2023,0,2024,37
11/7/2023,0,2024,38
11/8/2023,0,2024,39
11/9/2023,2.6,2024,40
11/10/2023,13.9,2024,41
11/11/2023,27.1,2024,42
11/12/2023,28.8,2024,43
11/13/2023,29.8,2024,44
11/14/2023,29.5,2024,45
11/15/2023,30,2024,46
11/16/2023,29.4,2024,47
11/17/2023,29.6,2024,48
11/18/2023,29.2,2024,49
11/19/2023,28.7,2024,50
11/20/2023,28.5,2024,51
11/21/2023,28.4,2024,52
11/22/2023,28.4,2024,53
11/23/2023,28.2,2024,54
11/24/2023,28.1,2024,55
11/25/2023,27.6,2024,56
11/26/2023,27.3,2024,57
11/27/2023,27,2024,58
11/28/2023,26.5,2024,59
11/29/2023,26.5,2024,60
11/30/2023,33.6,2024,61
12/1/2023,46.2,2024,62
12/2/2023,78.3,2024,63
12/3/2023,83.3,2024,64
12/4/2023,77.9,2024,65
12/5/2023,55.9,2024,66
12/6/2023,49.8,2024,67
12/7/2023,48.5,2024,68
12/8/2023,49.1,2024,69
12/9/2023,58.7,2024,70
12/10/2023,68.3,2024,71
12/11/2023,65.3,2024,72
12/12/2023,65,2024,73
12/13/2023,64.5,2024,74
12/14/2023,66.1,2024,75
12/15/2023,64.6,2024,76
12/16/2023,62.7,2024,77
12/17/2023,60.3,2024,78
12/18/2023,58,2024,79
12/19/2023,54.4,2024,80
12/20/2023,50.1,2024,81
12/21/2023,47.1,2024,82
12/22/2023,46.2,2024,83
12/23/2023,46.4,2024,84
12/24/2023,47.4,2024,85
12/25/2023,51.3,2024,86
12/26/2023,44.3,2024,87
12/27/2023,43.8,2024,88
12/28/2023,38.7,2024,89
12/29/2023,35.7,2024,90
12/30/2023,32.5,2024,91
12/31/2023,31.2,2024,92
1/1/2024,31.3,2024,93
1/2/2024,30.7,2024,94
1/3/2024,29.8,2024,95
1/4/2024,35.9,2024,96
1/5/2024,66.1,2024,97
1/6/2024,111.7,2024,98
1/7/2024,107.2,2024,99
1/8/2024,108.8,2024,100
1/9/2024,142,2024,101
1/10/2024,138.7,2024,102
1/11/2024,135.7,2024,103
1/12/2024,129.4,2024,104
1/13/2024,125.8,2024,105
1/14/2024,123.6,2024,106
1/15/2024,121.4,2024,107
1/16/2024,120,2024,108
1/17/2024,136.8,2024,109
1/18/2024,142.4,2024,110
1/19/2024,139.4,2024,111
1/20/2024,132,2024,112
1/21/2024,125.6,2024,113
1/22/2024,119.4,2024,114
1/23/2024,111.3,2024,115
1/24/2024,107.6,2024,116
1/25/2024,110.1,2024,117
1/26/2024,109.1,2024,118
1/27/2024,102.1,2024,119
1/28/2024,94.3,2024,120
1/29/2024,83,2024,121
1/30/2024,75.3,2024,122
1/31/2024,70.7,2024,123
2/1/2024,65.2,2024,124
2/2/2024,63.8,2024,125
2/3/2024,62.8,2024,126
2/4/2024,62.3,2024,127
2/5/2024,62.2,2024,128
2/6/2024,61.8,2024,129
2/7/2024,61.3,2024,130
2/8/2024,62,2024,131
2/9/2024,62.2,2024,132
2/10/2024,62.6,2024,133
2/11/2024,72.7,2024,134
2/12/2024,76.1,2024,135
2/13/2024,75.3,2024,136
2/14/2024,75.9,2024,137
2/15/2024,75.5,2024,138
2/16/2024,74.5,2024,139
2/17/2024,73.6,2024,140
2/18/2024,74.8,2024,141
2/19/2024,73.5,2024,142
2/20/2024,73,2024,143
2/21/2024,70.4,2024,144
2/22/2024,68.1,2024,145
2/23/2024,66.7,2024,146
2/24/2024,67.8,2024,147
2/25/2024,77,2024,148
2/26/2024,81.8,2024,149
2/27/2024,84.8,2024,150
2/28/2024,126.1,2024,151
2/29/2024,151.5,2024,152
3/1/2024,175,2024,153
3/2/2024,181.8,2024,154
3/3/2024,198,2024,155
3/4/2024,209.1,2024,156
3/5/2024,197.7,2024,157
3/6/2024,190.9,2024,158
3/7/2024,185.9,2024,159
3/8/2024,195.4,2024,160
3/9/2024,203,2024,161
3/10/2024,230.6,2024,162
3/11/2024,244.4,2024,163
3/12/2024,261.5,2024,164
3/13/2024,252.2,2024,165
3/14/2024,243.6,2024,166
3/15/2024,234.3,2024,167
3/16/2024,220.7,2024,168
3/17/2024,208.8,2024,169
3/18/2024,200.3,2024,170
3/19/2024,194.5,2024,171
3/20/2024,191.2,2024,172
3/21/2024,188.7,2024,173
3/22/2024,186.2,2024,174
3/23/2024,181.9,2024,175
3/24/2024,177.7,2024,176
3/25/2024,176.8,2024,177
3/26/2024,175.5,2024,178
3/27/2024,182.8,2024,179
3/28/2024,200.9,2024,180
3/29/2024,201.9,2024,181
3/30/2024,194.6,2024,182
3/31/2024,191.1,2024,183
4/1/2024,187.9,2024,184
4/2/2024,183.5,2024,185
4/3/2024,181.9,2024,186
4/4/2024,182.4,2024,187
4/5/2024,179.4,2024,188
4/6/2024,177.9,2024,189
4/7/2024,184.7,2024,190
4/8/2024,197.7,2024,191
4/9/2024,201.1,2024,192
4/10/2024,193.6,2024,193
4/11/2024,194.1,2024,194
4/12/2024,198.3,2024,195
4/13/2024,190.6,2024,196
4/14/2024,186,2024,197
4/15/2024,182.9,2024,198
4/16/2024,180.9,2024,199
4/17/2024,177.9,2024,200
4/18/2024,174.6,2024,201
4/19/2024,171.6,2024,202
4/20/2024,169.3,2024,203
4/21/2024,174.3,2024,204
4/22/2024,171,2024,205
4/23/2024,167.2,2024,206
4/24/2024,165.6,2024,207
4/25/2024,164.6,2024,208
4/26/2024,160.8,2024,209
4/27/2024,158.6,2024,210
4/28/2024,163.6,2024,211
4/29/2024,167.7,2024,212
4/30/2024,167.5,2024,213
5/1/2024,163.5,2024,214
5/2/2024,159.5,2024,215
5/3/2024,155.8,2024,216
5/4/2024,150.1,2024,217
5/5/2024,146.1,2024,218
5/6/2024,144.9,2024,219
5/7/2024,143.4,2024,220
5/8/2024,138.6,2024,221
5/9/2024,132.6,2024,222
5/10/2024,124.5,2024,223
5/11/2024,117.2,2024,224
5/12/2024,109.8,2024,225
5/13/2024,104.4,2024,226
5/14/2024,100.7,2024,227
5/15/2024,95.7,2024,228
5/16/2024,88.2,2024,229
5/17/2024,83.8,2024,230
5/18/2024,85.1,2024,231
5/19/2024,81.7,2024,232
5/20/2024,77.3,2024,233
5/21/2024,74.3,2024,234
5/22/2024,69.3,2024,235
5/23/2024,64.3,2024,236
5/24/2024,60.7,2024,237
5/25/2024,57.1,2024,238
5/26/2024,53.6,2024,239
5/27/2024,47.4,2024,240
5/28/2024,43.8,2024,241
5/29/2024,41,2024,242
5/30/2024,37.5,2024,243
5/31/2024,31.1,2024,244
6/1/2024,26.9,2024,245
6/2/2024,22.4,2024,246
6/3/2024,17.5,2024,247
6/4/2024,12.5,2024,248
6/5/2024,6.7,2024,249
6/6/2024,0,2024,250
6/7/2024,0,2024,251
6/8/2024,0,2024,252
6/9/2024,0,2024,253
6/10/2024,0,2024,254
6/11/2024,0,2024,255
6/12/2024,0,2024,256
6/13/2024,0,2024,257
6/14/2024,0,2024,258
6/15/2024,0,2024,259
6/16/2024,0,2024,260
6/17/2024,0,2024,261
6/18/2024,0,2024,262
6/19/2024,0,2024,263
6/20/2024,0,2024,264
6/21/2024,0,2024,265
