date,SWE,swe_mm,wtr_day_year,wtr_year
10/1/2018,0,0,1,2019
10/2/2018,0,0,2,2019
10/3/2018,0,0,3,2019
10/4/2018,0.852511024,8.525110245,4,2019
10/5/2018,0.803844261,8.038442612,5,2019
10/6/2018,0.835873985,8.358739853,6,2019
10/7/2018,0.865752506,8.657525063,7,2019
10/8/2018,0.885427284,8.854272842,8,2019
10/9/2018,0.839313984,8.393139839,9,2019
10/10/2018,0.823289204,8.232892036,10,2019
10/11/2018,0.796357822,7.963578224,11,2019
10/12/2018,0.746111965,7.461119652,12,2019
10/13/2018,0.732557058,7.325570583,13,2019
10/14/2018,0.747081375,7.470813751,14,2019
10/15/2018,0.820606995,8.206069946,15,2019
10/16/2018,1.047566032,10.47566032,16,2019
10/17/2018,1.188074207,11.88074207,17,2019
10/18/2018,1.38732214,13.8732214,18,2019
10/19/2018,2.731830406,27.31830406,19,2019
10/20/2018,0.884601021,8.846010208,20,2019
10/21/2018,0.852604008,8.526040077,21,2019
10/22/2018,0.924481583,9.244815826,22,2019
10/23/2018,0.964362144,9.643621445,23,2019
10/24/2018,0.964808178,9.648081779,24,2019
10/25/2018,0.99796114,9.979611397,25,2019
10/26/2018,0.964362144,9.643621445,26,2019
10/27/2018,0.964362144,9.643621445,27,2019
10/28/2018,0.965254211,9.652542114,28,2019
10/29/2018,1.030668068,10.30668068,29,2019
10/30/2018,1.33383112,13.3383112,30,2019
10/31/2018,1.603416824,16.03416824,31,2019
11/1/2018,1.783973503,17.83973503,32,2019
11/2/2018,2.133306026,21.33306026,33,2019
11/3/2018,2.342139816,23.42139816,34,2019
11/4/2018,2.342139816,23.42139816,35,2019
11/5/2018,2.342139816,23.42139816,36,2019
11/6/2018,2.342139816,23.42139816,37,2019
11/7/2018,3.47685585,34.7685585,38,2019
11/8/2018,3.132557297,31.32557297,39,2019
11/9/2018,2.921976089,29.21976089,40,2019
11/10/2018,2.717965889,27.17965889,41,2019
11/11/2018,2.48263855,24.8263855,42,2019
11/12/2018,2.201641083,22.01641083,43,2019
11/13/2018,1.879720306,18.79720306,44,2019
11/14/2018,1.845044708,18.45044708,45,2019
11/15/2018,1.215555477,12.15555477,46,2019
11/16/2018,1.32026577,13.2026577,47,2019
11/17/2018,1.344495106,13.44495106,48,2019
11/18/2018,1.336461544,13.36461544,49,2019
11/19/2018,1.336472225,13.36472225,50,2019
11/20/2018,1.361775494,13.61775494,51,2019
11/21/2018,1.386791515,13.86791515,52,2019
11/22/2018,1.801770401,18.01770401,53,2019
11/23/2018,2.439061546,24.39061546,54,2019
11/24/2018,3.362084198,33.62084198,55,2019
11/25/2018,4.140967941,41.40967941,56,2019
11/26/2018,4.487584305,44.87584305,57,2019
11/27/2018,5.215797806,52.15797806,58,2019
11/28/2018,5.497636032,54.97636032,59,2019
11/29/2018,5.607687378,56.07687378,60,2019
11/30/2018,5.642964172,56.42964172,61,2019
12/1/2018,5.738936996,57.38936996,62,2019
12/2/2018,5.760299683,57.60299683,63,2019
12/3/2018,5.729153061,57.29153061,64,2019
12/4/2018,5.739349747,57.39349747,65,2019
12/5/2018,5.555474854,55.55474854,66,2019
12/6/2018,5.101440811,51.01440811,67,2019
12/7/2018,4.623994064,46.23994064,68,2019
12/8/2018,4.322885132,43.22885132,69,2019
12/9/2018,4.284496689,42.84496689,70,2019
12/10/2018,4.945404816,49.45404816,71,2019
12/11/2018,6.284954453,62.84954453,72,2019
12/12/2018,8.323362732,83.23362732,73,2019
12/13/2018,10.74723969,107.4723969,74,2019
12/14/2018,13.51411285,135.1411285,75,2019
12/15/2018,16.96590271,169.6590271,76,2019
12/16/2018,19.64078369,196.4078369,77,2019
12/17/2018,20.87661896,208.7661896,78,2019
12/18/2018,23.35145721,233.5145721,79,2019
12/19/2018,25.8631134,258.631134,80,2019
12/20/2018,27.31999207,273.1999207,81,2019
12/21/2018,29.05144348,290.5144348,82,2019
12/22/2018,30.40423279,304.0423279,83,2019
12/23/2018,31.48981018,314.8981018,84,2019
12/24/2018,33.03833313,330.3833313,85,2019
12/25/2018,35.0483429,350.483429,86,2019
12/26/2018,36.13789978,361.3789978,87,2019
12/27/2018,36.504422,365.04422,88,2019
12/28/2018,37.08493652,370.8493652,89,2019
12/29/2018,37.64503174,376.4503174,90,2019
12/30/2018,38.16712341,381.6712341,91,2019
12/31/2018,38.68181763,386.8181763,92,2019
1/1/2019,39.13750305,391.3750305,93,2019
1/2/2019,39.53221741,395.3221741,94,2019
1/3/2019,39.87995911,398.7995911,95,2019
1/4/2019,40.68782349,406.8782349,96,2019
1/5/2019,42.1826416,421.826416,97,2019
1/6/2019,43.74043579,437.4043579,98,2019
1/7/2019,44.70475464,447.0475464,99,2019
1/8/2019,45.4824707,454.824707,100,2019
1/9/2019,46.15958252,461.5958252,101,2019
1/10/2019,46.97266235,469.7266235,102,2019
1/11/2019,47.73029175,477.3029175,103,2019
1/12/2019,48.53474731,485.3474731,104,2019
1/13/2019,49.22280273,492.2280273,105,2019
1/14/2019,49.17048035,491.7048035,106,2019
1/15/2019,49.13739929,491.3739929,107,2019
1/16/2019,49.38679199,493.8679199,108,2019
1/17/2019,49.66656494,496.6656494,109,2019
1/18/2019,49.89770508,498.9770508,110,2019
1/19/2019,49.92178345,499.2178345,111,2019
1/20/2019,50.28987122,502.8987122,112,2019
1/21/2019,51.26063843,512.6063843,113,2019
1/22/2019,51.77485962,517.7485962,114,2019
1/23/2019,52.09827271,520.9827271,115,2019
1/24/2019,52.99876099,529.9876099,116,2019
1/25/2019,53.76461487,537.6461487,117,2019
1/26/2019,55.37722168,553.7722168,118,2019
1/27/2019,55.58458862,555.8458862,119,2019
1/28/2019,55.78623047,557.8623047,120,2019
1/29/2019,55.89631348,558.9631348,121,2019
1/30/2019,55.78320313,557.8320313,122,2019
1/31/2019,55.58730469,555.8730469,123,2019
2/1/2019,55.62172852,556.2172852,124,2019
2/2/2019,55.70042114,557.0042114,125,2019
2/3/2019,56.29888306,562.9888306,126,2019
2/4/2019,57.46963501,574.6963501,127,2019
2/5/2019,58.05911255,580.5911255,128,2019
2/6/2019,58.29662476,582.9662476,129,2019
2/7/2019,58.43098755,584.3098755,130,2019
2/8/2019,58.66854248,586.6854248,131,2019
2/9/2019,59.09630127,590.9630127,132,2019
2/10/2019,59.18007813,591.8007813,133,2019
2/11/2019,58.81140747,588.1140747,134,2019
2/12/2019,58.02688599,580.2688599,135,2019
2/13/2019,58.96365356,589.6365356,136,2019
2/14/2019,58.88356323,588.8356323,137,2019
2/15/2019,58.75690918,587.5690918,138,2019
2/16/2019,59.47522583,594.7522583,139,2019
2/17/2019,60.32470703,603.2470703,140,2019
2/18/2019,59.38730469,593.8730469,141,2019
2/19/2019,60.69354858,606.9354858,142,2019
2/20/2019,60.65029907,606.5029907,143,2019
2/21/2019,60.28330078,602.8330078,144,2019
2/22/2019,59.75096436,597.5096436,145,2019
2/23/2019,59.5758728,595.758728,146,2019
2/24/2019,59.94014282,599.4014282,147,2019
2/25/2019,60.12171021,601.2171021,148,2019
2/26/2019,59.29938354,592.9938354,149,2019
2/27/2019,58.28203735,582.8203735,150,2019
2/28/2019,58.73174438,587.3174438,151,2019
3/1/2019,58.81063232,588.1063232,152,2019
3/2/2019,58.77084351,587.7084351,153,2019
3/3/2019,58.44755249,584.4755249,154,2019
3/4/2019,58.7232605,587.232605,155,2019
3/5/2019,58.7232605,587.232605,156,2019
3/6/2019,58.11937256,581.1937256,157,2019
3/7/2019,58.71477661,587.1477661,158,2019
3/8/2019,58.28829346,582.8829346,159,2019
3/9/2019,58.05040894,580.5040894,160,2019
3/10/2019,58.75129395,587.5129395,161,2019
3/11/2019,58.52834473,585.2834473,162,2019
3/12/2019,59.04116821,590.4116821,163,2019
3/13/2019,59.38776855,593.8776855,164,2019
3/14/2019,59.70308228,597.0308228,165,2019
3/15/2019,59.86551514,598.6551514,166,2019
3/16/2019,60.30026245,603.0026245,167,2019
3/17/2019,60.90041504,609.0041504,168,2019
3/18/2019,61.24022217,612.4022217,169,2019
3/19/2019,60.03370972,600.3370972,170,2019
3/20/2019,60.03370972,600.3370972,171,2019
3/21/2019,60.03370972,600.3370972,172,2019
3/22/2019,60.03370972,600.3370972,173,2019
3/23/2019,61.0562561,610.562561,174,2019
3/24/2019,60.60854492,606.0854492,175,2019
3/25/2019,60.2019043,602.019043,176,2019
3/26/2019,59.75252686,597.5252686,177,2019
3/27/2019,59.23618774,592.3618774,178,2019
3/28/2019,58.99674683,589.9674683,179,2019
3/29/2019,58.96276855,589.6276855,180,2019
3/30/2019,58.68406372,586.8406372,181,2019
3/31/2019,58.09447021,580.9447021,182,2019
4/1/2019,57.45785522,574.5785522,183,2019
4/2/2019,57.27979736,572.7979736,184,2019
4/3/2019,58.82341614,588.2341614,185,2019
4/4/2019,58.82341614,588.2341614,186,2019
4/5/2019,58.82341614,588.2341614,187,2019
4/6/2019,58.82341614,588.2341614,188,2019
4/7/2019,57.10371704,571.0371704,189,2019
4/8/2019,58.26854248,582.6854248,190,2019
4/9/2019,59.45744019,594.5744019,191,2019
4/10/2019,59.91623535,599.1623535,192,2019
4/11/2019,60.2847229,602.847229,193,2019
4/12/2019,61.05130005,610.5130005,194,2019
4/13/2019,61.87927246,618.7927246,195,2019
4/14/2019,62.47281494,624.7281494,196,2019
4/15/2019,63.06143188,630.6143188,197,2019
4/16/2019,63.58209229,635.8209229,198,2019
4/17/2019,61.55543213,615.5543213,199,2019
4/18/2019,61.55543213,615.5543213,200,2019
4/19/2019,61.55543213,615.5543213,201,2019
4/20/2019,61.55543213,615.5543213,202,2019
4/21/2019,62.50727539,625.0727539,203,2019
4/22/2019,61.78532104,617.8532104,204,2019
4/23/2019,61.32554321,613.2554321,205,2019
4/24/2019,61.26853027,612.6853027,206,2019
4/25/2019,60.48235474,604.8235474,207,2019
4/26/2019,59.66610107,596.6610107,208,2019
4/27/2019,58.57279663,585.7279663,209,2019
4/28/2019,58.47808838,584.7808838,210,2019
4/29/2019,58.41068115,584.1068115,211,2019
4/30/2019,58.41894531,584.1894531,212,2019
5/1/2019,58.34688721,583.4688721,213,2019
5/2/2019,58.16248779,581.6248779,214,2019
5/3/2019,57.97194824,579.7194824,215,2019
5/4/2019,57.69221191,576.9221191,216,2019
5/5/2019,57.4362854,574.362854,217,2019
5/6/2019,57.12706299,571.2706299,218,2019
5/7/2019,56.5463562,565.463562,219,2019
5/8/2019,55.8668457,558.668457,220,2019
5/9/2019,55.11851807,551.1851807,221,2019
5/10/2019,54.1326355,541.326355,222,2019
5/11/2019,53.17832642,531.7832642,223,2019
5/12/2019,52.21030884,522.1030884,224,2019
5/13/2019,51.0550415,510.550415,225,2019
5/14/2019,49.87008362,498.7008362,226,2019
5/15/2019,48.75577393,487.5577393,227,2019
5/16/2019,47.92605896,479.2605896,228,2019
5/17/2019,47.29087524,472.9087524,229,2019
5/18/2019,46.42655334,464.2655334,230,2019
5/19/2019,44.71091309,447.1091309,231,2019
5/20/2019,43.69725647,436.9725647,232,2019
5/21/2019,42.57068481,425.7068481,233,2019
5/22/2019,41.52435913,415.2435913,234,2019
5/23/2019,40.80256653,408.0256653,235,2019
5/24/2019,39.91839294,399.1839294,236,2019
5/25/2019,39.11939392,391.1939392,237,2019
5/26/2019,38.28734436,382.8734436,238,2019
5/27/2019,37.08097839,370.8097839,239,2019
5/28/2019,35.94833984,359.4833984,240,2019
5/29/2019,35.01047974,350.1047974,241,2019
5/30/2019,33.78117065,337.8117065,242,2019
5/31/2019,32.24042664,322.4042664,243,2019
6/1/2019,30.60199585,306.0199585,244,2019
6/2/2019,28.916922,289.16922,245,2019
6/3/2019,27.19155273,271.9155273,246,2019
6/4/2019,25.82008362,258.2008362,247,2019
6/5/2019,24.50658112,245.0658112,248,2019
6/6/2019,23.40675507,234.0675507,249,2019
6/7/2019,22.70499115,227.0499115,250,2019
6/8/2019,22.36226044,223.6226044,251,2019
6/9/2019,21.96585999,219.6585999,252,2019
6/10/2019,21.07272797,210.7272797,253,2019
6/11/2019,20.23813324,202.3813324,254,2019
6/12/2019,19.11902313,191.1902313,255,2019
6/13/2019,18.06548157,180.6548157,256,2019
6/14/2019,17.02280121,170.2280121,257,2019
6/15/2019,15.69585114,156.9585114,258,2019
6/16/2019,14.24972229,142.4972229,259,2019
6/17/2019,12.7229805,127.229805,260,2019
6/18/2019,11.0282074,110.282074,261,2019
6/19/2019,9.311985016,93.11985016,262,2019
6/20/2019,7.690074921,76.90074921,263,2019
6/21/2019,6.080633163,60.80633163,264,2019
6/22/2019,4.990423965,49.90423965,265,2019
6/23/2019,4.07387886,40.7387886,266,2019
6/24/2019,3.214787292,32.14787292,267,2019
6/25/2019,2.833695793,28.33695793,268,2019
6/26/2019,2.664680862,26.64680862,269,2019
6/27/2019,2.46791172,24.6791172,270,2019
6/28/2019,2.172415733,21.72415733,271,2019
6/29/2019,1.598043823,15.98043823,272,2019
6/30/2019,0.99902544,9.990254402,273,2019
7/1/2019,0.75924387,7.592438698,274,2019
7/2/2019,0.743899393,7.438993931,275,2019
7/3/2019,0.721896029,7.218960285,276,2019
7/4/2019,0.77600379,7.760037899,277,2019
7/5/2019,0.802417946,8.024179459,278,2019
7/6/2019,0.79989357,7.998935699,279,2019
7/7/2019,0.79989357,7.998935699,280,2019
7/8/2019,0.79179554,7.917955399,281,2019
7/9/2019,0.812544727,8.125447273,282,2019
7/10/2019,0.855284023,8.552840233,283,2019
7/11/2019,0.877642059,8.776420593,284,2019
7/12/2019,1.037188053,10.37188053,285,2019
7/13/2019,1.194142818,11.94142818,286,2019
7/14/2019,1.320640564,13.20640564,287,2019
7/15/2019,1.402849007,14.02849007,288,2019
7/16/2019,1.196352386,11.96352386,289,2019
7/17/2019,1.422065067,14.22065067,290,2019
7/18/2019,1.394121838,13.94121838,291,2019
7/19/2019,1.377689457,13.77689457,292,2019
7/20/2019,1.36440506,13.6440506,293,2019
7/21/2019,1.246339035,12.46339035,294,2019
7/22/2019,1.219547462,12.19547462,295,2019
7/23/2019,1.198561954,11.98561954,296,2019
7/24/2019,1.104282475,11.04282475,297,2019
7/25/2019,0.737115812,7.371158123,298,2019
7/26/2019,0.652272224,6.522722244,299,2019
7/27/2019,0.642456675,6.424566746,300,2019
7/28/2019,0.650113106,6.501131058,301,2019
7/29/2019,0.680675983,6.806759834,302,2019
7/30/2019,0.673137379,6.731373787,303,2019
7/31/2019,0.637310362,6.373103619,304,2019
8/1/2019,0.617208576,6.172085762,305,2019
8/2/2019,0.623344898,6.233448982,306,2019
8/3/2019,0.735219526,7.352195263,307,2019
8/4/2019,1.059204102,10.59204102,308,2019
8/5/2019,1.053682804,10.53682804,309,2019
8/6/2019,0.990231514,9.90231514,310,2019
8/7/2019,1.092299271,10.92299271,311,2019
8/8/2019,1.077689075,10.77689075,312,2019
8/9/2019,1.053979206,10.53979206,313,2019
8/10/2019,0.959681034,9.596810341,314,2019
8/11/2019,0.711203575,7.112035751,315,2019
8/12/2019,0.715020657,7.150206566,316,2019
8/13/2019,0.728547382,7.285473824,317,2019
8/14/2019,0.726857948,7.268579483,318,2019
8/15/2019,0.730471373,7.304713726,319,2019
8/16/2019,0.727264547,7.272645473,320,2019
8/17/2019,0.721711349,7.217113495,321,2019
8/18/2019,0.719365406,7.19365406,322,2019
8/19/2019,0.718942738,7.189427376,323,2019
8/20/2019,0.820528126,8.205281258,324,2019
8/21/2019,0.884675121,8.846751213,325,2019
8/22/2019,1.13421793,11.3421793,326,2019
8/23/2019,1.34788723,13.4788723,327,2019
8/24/2019,1.372345924,13.72345924,328,2019
8/25/2019,1.476189899,14.76189899,329,2019
8/26/2019,1.140918016,11.40918016,330,2019
8/27/2019,1.140918016,11.40918016,331,2019
8/28/2019,1.140918016,11.40918016,332,2019
8/29/2019,1.182291698,11.82291698,333,2019
8/30/2019,1.169044495,11.69044495,334,2019
8/31/2019,1.148300457,11.48300457,335,2019
9/1/2019,1.147618103,11.47618103,336,2019
9/2/2019,1.132965755,11.32965755,337,2019
9/3/2019,1.10743742,11.0743742,338,2019
9/4/2019,1.099589443,10.99589443,339,2019
9/5/2019,1.128808784,11.28808784,340,2019
9/6/2019,1.084795094,10.84795094,341,2019
9/7/2019,1.094765091,10.94765091,342,2019
9/8/2019,1.080734444,10.80734444,343,2019
9/9/2019,1.14678812,11.4678812,344,2019
9/10/2019,1.305375767,13.05375767,345,2019
9/11/2019,1.304768181,13.04768181,346,2019
9/12/2019,1.306064224,13.06064224,347,2019
9/13/2019,1.312468529,13.12468529,348,2019
9/14/2019,1.405708027,14.05708027,349,2019
9/15/2019,1.497235775,14.97235775,350,2019
9/16/2019,1.527477551,15.27477551,351,2019
9/17/2019,1.592782784,15.92782784,352,2019
9/18/2019,1.56947279,15.6947279,353,2019
9/19/2019,1.520126152,15.20126152,354,2019
9/20/2019,1.651654053,16.51654053,355,2019
9/21/2019,1.588974857,15.88974857,356,2019
9/22/2019,1.521909809,15.21909809,357,2019
9/23/2019,1.458960152,14.58960152,358,2019
9/24/2019,1.476329899,14.76329899,359,2019
9/25/2019,1.518342495,15.18342495,360,2019
9/26/2019,1.540144444,15.40144444,361,2019
9/27/2019,1.551471901,15.51471901,362,2019
9/28/2019,1.467645025,14.67645025,363,2019
9/29/2019,1.414728069,14.14728069,364,2019
9/30/2019,1.312462807,13.12462807,365,2019
10/1/2019,1.339362431,13.39362431,1,2020
10/2/2019,1.336231518,13.36231518,2,2020
10/3/2019,1.301017761,13.01017761,3,2020
10/4/2019,1.252505684,12.52505684,4,2020
10/5/2019,1.147742462,11.47742462,5,2020
10/6/2019,0.930422592,9.304225922,6,2020
10/7/2019,0.819504547,8.195045471,7,2020
10/8/2019,0.799570131,7.995701313,8,2020
10/9/2019,0.777332211,7.773322105,9,2020
10/10/2019,0.715701628,7.157016277,10,2020
10/11/2019,0.716461468,7.164614677,11,2020
10/12/2019,0.532484436,5.32484436,12,2020
10/13/2019,0.535635424,5.356354237,13,2020
10/14/2019,0.403743935,4.037439346,14,2020
10/15/2019,0.274761391,2.747613907,15,2020
10/16/2019,0.347039652,3.470396519,16,2020
10/17/2019,0.404103613,4.041036129,17,2020
10/18/2019,0.468930531,4.689305305,18,2020
10/19/2019,0.579964161,5.799641609,19,2020
10/20/2019,0.996709633,9.967096329,20,2020
10/21/2019,1.521210575,15.21210575,21,2020
10/22/2019,0.94840188,9.484018803,22,2020
10/23/2019,0.94840188,9.484018803,23,2020
10/24/2019,0.94840188,9.484018803,24,2020
10/25/2019,0.950682688,9.506826878,25,2020
10/26/2019,1.58761301,15.8761301,26,2020
10/27/2019,1.228038216,12.28038216,27,2020
10/28/2019,1.245681858,12.45681858,28,2020
10/29/2019,1.160908127,11.60908127,29,2020
10/30/2019,0.900094128,9.000941277,30,2020
10/31/2019,0.700348473,7.003484726,31,2020
11/1/2019,0.681537342,6.815373421,32,2020
11/2/2019,0.777243996,7.772439957,33,2020
11/3/2019,0.904655743,9.046557426,34,2020
11/4/2019,0.959731483,9.597314835,35,2020
11/5/2019,0.978077793,9.780777931,36,2020
11/6/2019,0.872218037,8.722180367,37,2020
11/7/2019,0.624268389,6.242683887,38,2020
11/8/2019,0.508643103,5.086431026,39,2020
11/9/2019,0.569367266,5.693672657,40,2020
11/10/2019,0.526101494,5.261014938,41,2020
11/11/2019,0.402576399,4.025763988,42,2020
11/12/2019,0.41144352,4.114435196,43,2020
11/13/2019,0.439593601,4.395936012,44,2020
11/14/2019,0.464610195,4.646101952,45,2020
11/15/2019,0.489394855,4.893948555,46,2020
11/16/2019,0.534102106,5.341021061,47,2020
11/17/2019,0.59247117,5.924711704,48,2020
11/18/2019,0.615571833,6.155718327,49,2020
11/19/2019,0.5301018,5.301018,50,2020
11/20/2019,0.493756819,4.937568188,51,2020
11/21/2019,0.508788586,5.087885857,52,2020
11/22/2019,0.502206087,5.022060871,53,2020
11/23/2019,0.539526701,5.39526701,54,2020
11/24/2019,0.588343906,5.883439064,55,2020
11/25/2019,0.652891874,6.528918743,56,2020
11/26/2019,0.766735506,7.667355061,57,2020
11/27/2019,0.867183208,8.671832085,58,2020
11/28/2019,0.916003704,9.160037041,59,2020
11/29/2019,0.950084305,9.500843048,60,2020
11/30/2019,0.952978611,9.52978611,61,2020
12/1/2019,0.9926898,9.926898003,62,2020
12/2/2019,1.145188999,11.45188999,63,2020
12/3/2019,1.298167133,12.98167133,64,2020
12/4/2019,1.589103222,15.89103222,65,2020
12/5/2019,1.836841965,18.36841965,66,2020
12/6/2019,1.788705063,17.88705063,67,2020
12/7/2019,1.892951393,18.92951393,68,2020
12/8/2019,2.061288834,20.61288834,69,2020
12/9/2019,2.003841209,20.03841209,70,2020
12/10/2019,1.879549026,18.79549026,71,2020
12/11/2019,1.881144905,18.81144905,72,2020
12/12/2019,2.035514641,20.35514641,73,2020
12/13/2019,2.529372978,25.29372978,74,2020
12/14/2019,3.164587021,31.64587021,75,2020
12/15/2019,3.470343781,34.70343781,76,2020
12/16/2019,3.541366577,35.41366577,77,2020
12/17/2019,3.796497726,37.96497726,78,2020
12/18/2019,4.437016296,44.37016296,79,2020
12/19/2019,5.376422501,53.76422501,80,2020
12/20/2019,6.179588127,61.79588127,81,2020
12/21/2019,7.997031403,79.97031403,82,2020
12/22/2019,10.33551331,103.3551331,83,2020
12/23/2019,10.7973259,107.973259,84,2020
12/24/2019,10.83525925,108.3525925,85,2020
12/25/2019,10.74459152,107.4459152,86,2020
12/26/2019,10.6633934,106.633934,87,2020
12/27/2019,10.55153656,105.5153656,88,2020
12/28/2019,10.67891846,106.7891846,89,2020
12/29/2019,11.00193253,110.0193253,90,2020
12/30/2019,11.54614182,115.4614182,91,2020
12/31/2019,12.04777222,120.4777222,92,2020
1/1/2020,12.8954895,128.954895,93,2020
1/2/2020,14.12444305,141.2444305,94,2020
1/3/2020,15.31443176,153.1443176,95,2020
1/4/2020,16.31708374,163.1708374,96,2020
1/5/2020,17.62905426,176.2905426,97,2020
1/6/2020,19.29431,192.9431,98,2020
1/7/2020,21.19501038,211.9501038,99,2020
1/8/2020,22.73675995,227.3675995,100,2020
1/9/2020,28.30092239,283.0092239,101,2020
1/10/2020,34.93185425,349.3185425,102,2020
1/11/2020,35.60587158,356.0587158,103,2020
1/12/2020,37.10952148,371.0952148,104,2020
1/13/2020,39.02723999,390.2723999,105,2020
1/14/2020,40.57926025,405.7926025,106,2020
1/15/2020,40.90944824,409.0944824,107,2020
1/16/2020,40.34099426,403.4099426,108,2020
1/17/2020,40.35302734,403.5302734,109,2020
1/18/2020,40.49931641,404.9931641,110,2020
1/19/2020,41.46747437,414.6747437,111,2020
1/20/2020,43.96647339,439.6647339,112,2020
1/21/2020,44.82232971,448.2232971,113,2020
1/22/2020,45.72279358,457.2279358,114,2020
1/23/2020,47.63536377,476.3536377,115,2020
1/24/2020,48.99868164,489.9868164,116,2020
1/25/2020,51.17695618,511.7695618,117,2020
1/26/2020,53.00332031,530.0332031,118,2020
1/27/2020,53.90603638,539.0603638,119,2020
1/28/2020,54.5331543,545.331543,120,2020
1/29/2020,55.21560669,552.1560669,121,2020
1/30/2020,56.19724731,561.9724731,122,2020
1/31/2020,57.09208984,570.9208984,123,2020
2/1/2020,57.79219971,577.9219971,124,2020
2/2/2020,58.35319214,583.5319214,125,2020
2/3/2020,57.87935181,578.7935181,126,2020
2/4/2020,57.5366333,575.366333,127,2020
2/5/2020,57.20904541,572.0904541,128,2020
2/6/2020,56.89782104,568.9782104,129,2020
2/7/2020,57.09785767,570.9785767,130,2020
2/8/2020,57.31535645,573.1535645,131,2020
2/9/2020,58.45622559,584.5622559,132,2020
2/10/2020,59.15621338,591.5621338,133,2020
2/11/2020,58.85661011,588.5661011,134,2020
2/12/2020,58.53008423,585.3008423,135,2020
2/13/2020,59.07634277,590.7634277,136,2020
2/14/2020,60.04812012,600.4812012,137,2020
2/15/2020,61.36860352,613.6860352,138,2020
2/16/2020,62.69161987,626.9161987,139,2020
2/17/2020,63.5989624,635.989624,140,2020
2/18/2020,63.97307739,639.7307739,141,2020
2/19/2020,64.18538818,641.8538818,142,2020
2/20/2020,64.31466064,643.1466064,143,2020
2/21/2020,64.90015869,649.0015869,144,2020
2/22/2020,63.88449097,638.8449097,145,2020
2/23/2020,64.07923279,640.7923279,146,2020
2/24/2020,62.54250488,625.4250488,147,2020
2/25/2020,63.79590454,637.9590454,148,2020
2/26/2020,64.54672241,645.4672241,149,2020
2/27/2020,65.03419189,650.3419189,150,2020
2/28/2020,65.56323242,655.6323242,151,2020
3/1/2020,67.31802368,673.1802368,152,2020
3/2/2020,68.22923584,682.2923584,153,2020
3/3/2020,68.6467041,686.467041,154,2020
3/4/2020,69.30541382,693.0541382,155,2020
3/5/2020,69.91274414,699.1274414,156,2020
3/6/2020,70.68967285,706.8967285,157,2020
3/7/2020,71.46925659,714.6925659,158,2020
3/8/2020,72.15275269,721.5275269,159,2020
3/9/2020,72.78190918,727.8190918,160,2020
3/10/2020,72.89934692,728.9934692,161,2020
3/11/2020,73.23594971,732.3594971,162,2020
3/12/2020,73.64331665,736.4331665,163,2020
3/13/2020,73.84335327,738.4335327,164,2020
3/14/2020,73.85001831,738.5001831,165,2020
3/15/2020,73.82704468,738.2704468,166,2020
3/16/2020,73.86254883,738.6254883,167,2020
3/17/2020,73.89506836,738.9506836,168,2020
3/18/2020,73.86188965,738.6188965,169,2020
3/19/2020,73.6012146,736.012146,170,2020
3/20/2020,78.88639221,788.8639221,171,2020
3/21/2020,84.81394043,848.1394043,172,2020
3/22/2020,85.69623413,856.9623413,173,2020
3/23/2020,86.80783081,868.0783081,174,2020
3/24/2020,87.4223877,874.223877,175,2020
3/25/2020,87.25081787,872.5081787,176,2020
3/26/2020,86.9053833,869.053833,177,2020
3/27/2020,86.11021729,861.1021729,178,2020
3/28/2020,85.84243164,858.4243164,179,2020
3/29/2020,86.24829712,862.4829712,180,2020
3/30/2020,87.42722778,874.2722778,181,2020
3/31/2020,88.52301636,885.2301636,182,2020
4/1/2020,89.45612793,894.5612793,183,2020
4/2/2020,89.68553467,896.8553467,184,2020
4/3/2020,88.87061157,888.7061157,185,2020
4/4/2020,88.13851318,881.3851318,186,2020
4/5/2020,87.80200806,878.0200806,187,2020
4/6/2020,87.81918335,878.1918335,188,2020
4/7/2020,88.03341064,880.3341064,189,2020
4/8/2020,88.13727417,881.3727417,190,2020
4/9/2020,88.30645142,883.0645142,191,2020
4/10/2020,88.85715332,888.5715332,192,2020
4/11/2020,90.1303833,901.303833,193,2020
4/12/2020,91.3680481,913.680481,194,2020
4/13/2020,89.20135803,892.0135803,195,2020
4/14/2020,89.19462891,891.9462891,196,2020
4/15/2020,89.19462891,891.9462891,197,2020
4/16/2020,89.19462891,891.9462891,198,2020
4/17/2020,89.19462891,891.9462891,199,2020
4/18/2020,89.19462891,891.9462891,200,2020
4/19/2020,90.55498047,905.5498047,201,2020
4/20/2020,89.53210449,895.3210449,202,2020
4/21/2020,88.2522644,882.522644,203,2020
4/22/2020,87.09626465,870.9626465,204,2020
4/23/2020,86.23151855,862.3151855,205,2020
4/24/2020,85.22316895,852.2316895,206,2020
4/25/2020,84.27473755,842.7473755,207,2020
4/26/2020,85.13474121,851.3474121,208,2020
4/27/2020,84.82389526,848.2389526,209,2020
4/28/2020,84.08516235,840.8516235,210,2020
4/29/2020,83.00499878,830.0499878,211,2020
4/30/2020,81.4723999,814.723999,212,2020
5/1/2020,79.94129639,799.4129639,213,2020
5/2/2020,77.84052734,778.4052734,214,2020
5/3/2020,75.57045288,755.7045288,215,2020
5/4/2020,73.74398193,737.4398193,216,2020
5/5/2020,72.23969727,722.3969727,217,2020
5/6/2020,72.7815979,727.815979,218,2020
5/7/2020,73.09893188,730.9893188,219,2020
5/8/2020,73.32662354,733.2662354,220,2020
5/9/2020,74.14324951,741.4324951,221,2020
5/10/2020,74.41660767,744.1660767,222,2020
5/11/2020,74.03249512,740.3249512,223,2020
5/12/2020,72.98082275,729.8082275,224,2020
5/13/2020,72.04911499,720.4911499,225,2020
5/14/2020,69.63379517,696.3379517,226,2020
5/15/2020,66.88842163,668.8842163,227,2020
5/16/2020,65.32479858,653.2479858,228,2020
5/17/2020,63.96911621,639.6911621,229,2020
5/18/2020,62.75299072,627.5299072,230,2020
5/19/2020,61.83067017,618.3067017,231,2020
5/20/2020,60.7972168,607.972168,232,2020
5/21/2020,59.38458252,593.8458252,233,2020
5/22/2020,57.80531616,578.0531616,234,2020
5/23/2020,56.61326904,566.1326904,235,2020
5/24/2020,56.00888062,560.0888062,236,2020
5/25/2020,55.04492188,550.4492188,237,2020
5/26/2020,54.08165894,540.8165894,238,2020
5/27/2020,53.19001465,531.9001465,239,2020
5/28/2020,52.15637207,521.5637207,240,2020
5/29/2020,51.04903259,510.4903259,241,2020
5/30/2020,49.72482605,497.2482605,242,2020
5/31/2020,49.93895569,499.3895569,243,2020
6/1/2020,48.7006134,487.006134,244,2020
6/2/2020,47.68490906,476.8490906,245,2020
6/3/2020,46.8945282,468.945282,246,2020
6/4/2020,45.58522644,455.8522644,247,2020
6/5/2020,44.92958679,449.2958679,248,2020
6/6/2020,44.52339478,445.2339478,249,2020
6/7/2020,44.07572632,440.7572632,250,2020
6/8/2020,43.47990112,434.7990112,251,2020
6/9/2020,42.83806458,428.3806458,252,2020
6/10/2020,42.09259949,420.9259949,253,2020
6/11/2020,40.98153381,409.8153381,254,2020
6/12/2020,40.17993164,401.7993164,255,2020
6/13/2020,39.40027466,394.0027466,256,2020
6/14/2020,38.72912598,387.2912598,257,2020
6/15/2020,36.80701752,368.0701752,258,2020
6/16/2020,34.08197021,340.8197021,259,2020
6/17/2020,33.38580933,333.8580933,260,2020
6/18/2020,32.90484924,329.0484924,261,2020
6/19/2020,32.10286865,321.0286865,262,2020
6/20/2020,31.35003357,313.5003357,263,2020
6/21/2020,30.08919983,300.8919983,264,2020
6/22/2020,28.98078003,289.8078003,265,2020
6/23/2020,28.03327026,280.3327026,266,2020
6/24/2020,26.8197113,268.197113,267,2020
6/25/2020,25.38456421,253.8456421,268,2020
6/26/2020,23.68903809,236.8903809,269,2020
6/27/2020,21.8708847,218.708847,270,2020
6/28/2020,19.8999649,198.999649,271,2020
6/29/2020,17.9846405,179.846405,272,2020
6/30/2020,16.1596817,161.596817,273,2020
7/1/2020,14.36474762,143.6474762,274,2020
7/2/2020,12.67502441,126.7502441,275,2020
7/3/2020,11.37938232,113.7938232,276,2020
7/4/2020,10.9034111,109.034111,277,2020
7/5/2020,9.18001709,91.8001709,278,2020
7/6/2020,8.332170868,83.32170868,279,2020
7/7/2020,7.453836823,74.53836823,280,2020
7/8/2020,6.640682983,66.40682983,281,2020
7/9/2020,6.337268448,63.37268448,282,2020
7/10/2020,5.708703232,57.08703232,283,2020
7/11/2020,4.791468048,47.91468048,284,2020
7/12/2020,4.199765015,41.99765015,285,2020
7/13/2020,3.897751999,38.97751999,286,2020
7/14/2020,3.375042343,33.75042343,287,2020
7/15/2020,3.285706329,32.85706329,288,2020
7/16/2020,2.700782299,27.00782299,289,2020
7/17/2020,1.323986149,13.23986149,290,2020
7/18/2020,0.207183623,2.071836233,291,2020
7/19/2020,0.109807932,1.098079324,292,2020
7/20/2020,0.11440531,1.144053102,293,2020
7/21/2020,0.130940187,1.30940187,294,2020
7/22/2020,0.150548899,1.505488992,295,2020
7/23/2020,0.14489336,1.448933601,296,2020
7/24/2020,0.145969951,1.459699512,297,2020
7/25/2020,0.144271076,1.442710757,298,2020
7/26/2020,0.14930445,1.493044496,299,2020
7/27/2020,0.154337704,1.543377042,300,2020
7/28/2020,0.171116376,1.711163759,301,2020
7/29/2020,0.125156999,1.251569986,302,2020
7/30/2020,0.0986332,0.986331999,303,2020
7/31/2020,0.149043977,1.490439773,304,2020
8/1/2020,0.145727742,1.457277417,305,2020
8/2/2020,0.113740313,1.137403131,306,2020
8/3/2020,0.092633545,0.926335454,307,2020
8/4/2020,0.095743638,0.957436383,308,2020
8/5/2020,0.103435683,1.034356833,309,2020
8/6/2020,0.109542739,1.095427394,310,2020
8/7/2020,0.09014343,0.901434302,311,2020
8/8/2020,0.073007047,0.730070472,312,2020
8/9/2020,0.061581326,0.615813255,313,2020
8/10/2020,0.08615393,0.861539304,314,2020
8/11/2020,0.109109521,1.091095209,315,2020
8/12/2020,0.15470767,1.547076702,316,2020
8/13/2020,0.176545572,1.765455723,317,2020
8/14/2020,0.1012427,1.012427002,318,2020
8/15/2020,0.1012427,1.012427002,319,2020
8/16/2020,0.099049717,0.990497172,320,2020
8/17/2020,0.131533301,1.315333009,321,2020
8/18/2020,0.132973325,1.329733253,322,2020
8/19/2020,0.09665221,0.966522098,323,2020
8/20/2020,0.108676302,1.086763024,324,2020
8/21/2020,0.097547066,0.975470662,325,2020
8/22/2020,0.097595835,0.975958347,326,2020
8/23/2020,0.079105413,0.79105413,327,2020
8/24/2020,0.064322859,0.64322859,328,2020
8/25/2020,0.064371568,0.64371568,329,2020
8/26/2020,0.086667192,0.86667192,330,2020
8/27/2020,0.10896287,1.089628696,331,2020
8/28/2020,0.109011567,1.090115666,332,2020
8/29/2020,0.242265677,2.422656775,333,2020
8/30/2020,0.222076845,2.220768452,334,2020
8/31/2020,0.201888156,2.018881559,335,2020
9/1/2020,0.211982465,2.119824648,336,2020
9/2/2020,0,0,337,2020
9/3/2020,0,0,338,2020
9/4/2020,0,0,339,2020
9/5/2020,0,0,340,2020
9/6/2020,0,0,341,2020
9/7/2020,0,0,342,2020
9/8/2020,0.222076845,2.220768452,343,2020
9/9/2020,0.105977499,1.059774995,344,2020
9/10/2020,0.136445189,1.364451885,345,2020
9/11/2020,0.153390014,1.533900142,346,2020
9/12/2020,0.14822166,1.482216597,347,2020
9/13/2020,0.116482496,1.164824963,348,2020
9/14/2020,0.197120655,1.971206546,349,2020
9/15/2020,0.161830676,1.618306756,350,2020
9/16/2020,0.181239212,1.812392116,351,2020
9/17/2020,0.242265677,2.422656775,352,2020
9/18/2020,0.222076845,2.220768452,353,2020
9/19/2020,0.140963852,1.409638524,354,2020
9/20/2020,0.130659628,1.306596279,355,2020
9/21/2020,0.125721335,1.257213354,356,2020
9/22/2020,0.126286912,1.26286912,357,2020
9/23/2020,0.131324291,1.313242912,358,2020
9/24/2020,0.19703263,1.970326304,359,2020
9/25/2020,0.258816862,2.588168621,360,2020
9/26/2020,0.275053382,2.750533819,361,2020
9/27/2020,0.317634344,3.176343441,362,2020
9/28/2020,0.332338405,3.323384047,363,2020
9/29/2020,0.259044302,2.590443015,364,2020
9/30/2020,0.354987407,3.549874067,365,2020
10/1/2020,0.357499409,3.574994087,1,2021
10/2/2020,0.314710593,3.147105932,2,2021
10/3/2020,0.27028749,2.702874899,3,2021
10/4/2020,0.232938671,2.329386711,4,2021
10/5/2020,0.133008969,1.330089688,5,2021
10/6/2020,0.203259969,2.032599688,6,2021
10/7/2020,0.259271741,2.592717409,7,2021
10/8/2020,0.327416205,3.274162054,8,2021
10/9/2020,0.399071407,3.990714073,9,2021
10/10/2020,0.341201806,3.412018061,10,2021
10/11/2020,0.100102735,1.001027346,11,2021
10/12/2020,0.15785439,1.578543901,12,2021
10/13/2020,0.715727043,7.157270432,13,2021
10/14/2020,1.130833244,11.30833244,14,2021
10/15/2020,1.505554199,15.05554199,15,2021
10/16/2020,1.32765255,13.2765255,16,2021
10/17/2020,1.331967163,13.31967163,17,2021
10/18/2020,1.29029026,12.9029026,18,2021
10/19/2020,1.286720276,12.86720276,19,2021
10/20/2020,1.24106741,12.4106741,20,2021
10/21/2020,1.159597874,11.59597874,21,2021
10/22/2020,1.101966763,11.01966763,22,2021
10/23/2020,1.031149483,10.31149483,23,2021
10/24/2020,1.258639622,12.58639622,24,2021
10/25/2020,1.44770155,14.4770155,25,2021
10/26/2020,1.432018661,14.32018661,26,2021
10/27/2020,1.458988857,14.58988857,27,2021
10/28/2020,1.130782318,11.30782318,28,2021
10/29/2020,1.329835701,13.29835701,29,2021
10/30/2020,1.004663563,10.04663563,30,2021
10/31/2020,0.823371983,8.233719826,31,2021
11/1/2020,0.792045975,7.920459747,32,2021
11/2/2020,0.764059734,7.640597343,33,2021
11/3/2020,0.707668638,7.076686382,34,2021
11/4/2020,0.67280612,6.728061199,35,2021
11/5/2020,0.576041126,5.760411263,36,2021
11/6/2020,0.43516593,4.351659298,37,2021
11/7/2020,0.398751426,3.987514257,38,2021
11/8/2020,0.214287949,2.142879486,39,2021
11/9/2020,0.31264894,3.126489401,40,2021
11/10/2020,0.287197065,2.871970654,41,2021
11/11/2020,0.310041046,3.100410461,42,2021
11/12/2020,0.432868862,4.328688622,43,2021
11/13/2020,0.522859001,5.228590012,44,2021
11/14/2020,1.413588524,14.13588524,45,2021
11/15/2020,3.554345703,35.54345703,46,2021
11/16/2020,4.728451347,47.28451347,47,2021
11/17/2020,7.639631653,76.39631653,48,2021
11/18/2020,8.834088898,88.34088898,49,2021
11/19/2020,10.20194244,102.0194244,50,2021
11/20/2020,10.97458649,109.7458649,51,2021
11/21/2020,11.95692444,119.5692444,52,2021
11/22/2020,12.45842438,124.5842438,53,2021
11/23/2020,12.44535599,124.4535599,54,2021
11/24/2020,12.73890839,127.3890839,55,2021
11/25/2020,13.89155121,138.9155121,56,2021
11/26/2020,15.21618347,152.1618347,57,2021
11/27/2020,15.89692383,158.9692383,58,2021
11/28/2020,16.47622223,164.7622223,59,2021
11/29/2020,17.34138794,173.4138794,60,2021
11/30/2020,17.88480682,178.8480682,61,2021
12/1/2020,18.57336273,185.7336273,62,2021
12/2/2020,19.32242737,193.2242737,63,2021
12/3/2020,19.51321869,195.1321869,64,2021
12/4/2020,19.51500244,195.1500244,65,2021
12/5/2020,19.44116364,194.4116364,66,2021
12/6/2020,19.45891876,194.5891876,67,2021
12/7/2020,19.04420166,190.4420166,68,2021
12/8/2020,18.86180115,188.6180115,69,2021
12/9/2020,18.87828064,188.7828064,70,2021
12/10/2020,19.0104599,190.104599,71,2021
12/11/2020,18.78498688,187.8498688,72,2021
12/12/2020,19.73042755,197.3042755,73,2021
12/13/2020,20.61057739,206.1057739,74,2021
12/14/2020,21.58673096,215.8673096,75,2021
12/15/2020,22.41417236,224.1417236,76,2021
12/16/2020,23.54776611,235.4776611,77,2021
12/17/2020,25.15542603,251.5542603,78,2021
12/18/2020,26.66182861,266.6182861,79,2021
12/19/2020,28.36726379,283.6726379,80,2021
12/20/2020,30.56676636,305.6676636,81,2021
12/21/2020,32.75658264,327.5658264,82,2021
12/22/2020,34.3617981,343.617981,83,2021
12/23/2020,35.3455719,353.455719,84,2021
12/24/2020,35.78896484,357.8896484,85,2021
12/25/2020,35.87635193,358.7635193,86,2021
12/26/2020,36.05430603,360.5430603,87,2021
12/27/2020,37.22454529,372.2454529,88,2021
12/28/2020,39.02298279,390.2298279,89,2021
12/29/2020,40.04586182,400.4586182,90,2021
12/30/2020,40.2919281,402.919281,91,2021
12/31/2020,41.75218506,417.5218506,92,2021
1/1/2021,43.90385742,439.0385742,93,2021
1/2/2021,45.77213745,457.7213745,94,2021
1/3/2021,47.71437378,477.1437378,95,2021
1/4/2021,49.61030273,496.1030273,96,2021
1/5/2021,51.23450317,512.3450317,97,2021
1/6/2021,53.00285645,530.0285645,98,2021
1/7/2021,55.1965332,551.965332,99,2021
1/8/2021,57.25665894,572.5665894,100,2021
1/9/2021,58.33563232,583.3563232,101,2021
1/10/2021,58.78831177,587.8831177,102,2021
1/11/2021,59.50281982,595.0281982,103,2021
1/12/2021,60.56947632,605.6947632,104,2021
1/13/2021,60.57459717,605.7459717,105,2021
1/14/2021,60.5925293,605.925293,106,2021
1/15/2021,60.50914917,605.0914917,107,2021
1/16/2021,60.44567871,604.4567871,108,2021
1/17/2021,62.5728241,625.728241,109,2021
1/18/2021,65.15143433,651.5143433,110,2021
1/19/2021,65.74102173,657.4102173,111,2021
1/20/2021,66.11433105,661.1433105,112,2021
1/21/2021,66.50101318,665.0101318,113,2021
1/22/2021,66.94500122,669.4500122,114,2021
1/23/2021,67.17521362,671.7521362,115,2021
1/24/2021,67.40482178,674.0482178,116,2021
1/25/2021,67.86102295,678.6102295,117,2021
1/26/2021,68.61636963,686.1636963,118,2021
1/27/2021,69.70845947,697.0845947,119,2021
1/28/2021,70.6230835,706.230835,120,2021
1/29/2021,71.28712158,712.8712158,121,2021
1/30/2021,71.8840332,718.840332,122,2021
1/31/2021,72.80078125,728.0078125,123,2021
2/1/2021,74.7677002,747.677002,124,2021
2/2/2021,75.90439148,759.0439148,125,2021
2/3/2021,78.62235718,786.2235718,126,2021
2/4/2021,79.7418457,797.418457,127,2021
2/5/2021,80.41487427,804.1487427,128,2021
2/6/2021,80.81665649,808.1665649,129,2021
2/7/2021,81.51186523,815.1186523,130,2021
2/8/2021,82.31304932,823.1304932,131,2021
2/9/2021,82.8204834,828.204834,132,2021
2/10/2021,83.04416504,830.4416504,133,2021
2/11/2021,83.32339478,833.2339478,134,2021
2/12/2021,83.68710327,836.8710327,135,2021
2/13/2021,83.90491333,839.0491333,136,2021
2/14/2021,84.22628174,842.2628174,137,2021
2/15/2021,84.77435913,847.7435913,138,2021
2/16/2021,85.3605896,853.605896,139,2021
2/17/2021,86.07700806,860.7700806,140,2021
2/18/2021,86.71636353,867.1636353,141,2021
2/19/2021,87.20132446,872.0132446,142,2021
2/20/2021,87.90663452,879.0663452,143,2021
2/21/2021,88.9194458,889.194458,144,2021
2/22/2021,90.0706604,900.706604,145,2021
2/23/2021,91.41432495,914.1432495,146,2021
2/24/2021,92.6526123,926.526123,147,2021
2/25/2021,93.43544312,934.3544312,148,2021
2/26/2021,94.16574097,941.6574097,149,2021
2/27/2021,95.26372681,952.6372681,150,2021
2/28/2021,96.13255615,961.3255615,151,2021
3/1/2021,96.68210449,966.8210449,152,2021
3/2/2021,97.22872314,972.2872314,153,2021
3/3/2021,97.59503174,975.9503174,154,2021
3/4/2021,97.90331421,979.0331421,155,2021
3/5/2021,98.21522827,982.1522827,156,2021
3/6/2021,98.94869385,989.4869385,157,2021
3/7/2021,100.4023193,1004.023193,158,2021
3/8/2021,102.1481567,1021.481567,159,2021
3/9/2021,103.7897827,1037.897827,160,2021
3/10/2021,105.0704956,1050.704956,161,2021
3/11/2021,105.9484253,1059.484253,162,2021
3/12/2021,106.6174438,1066.174438,163,2021
3/13/2021,107.1005859,1071.005859,164,2021
3/14/2021,107.5027588,1075.027588,165,2021
3/15/2021,107.952063,1079.52063,166,2021
3/16/2021,108.5930298,1085.930298,167,2021
3/17/2021,109.0347168,1090.347168,168,2021
3/18/2021,109.0330444,1090.330444,169,2021
3/19/2021,109.2342163,1092.342163,170,2021
3/20/2021,109.9781494,1099.781494,171,2021
3/21/2021,110.6855347,1106.855347,172,2021
3/22/2021,112.3436707,1123.436707,173,2021
3/23/2021,114.6335815,1146.335815,174,2021
3/24/2021,115.1921509,1151.921509,175,2021
3/25/2021,115.5120483,1155.120483,176,2021
3/26/2021,115.8715576,1158.715576,177,2021
3/27/2021,116.1604126,1161.604126,178,2021
3/28/2021,116.6069336,1166.069336,179,2021
3/29/2021,117.0819092,1170.819092,180,2021
3/30/2021,117.4480103,1174.480103,181,2021
3/31/2021,118.122644,1181.22644,182,2021
4/1/2021,118.3827759,1183.827759,183,2021
4/2/2021,118.0008179,1180.008179,184,2021
4/3/2021,117.7641479,1177.641479,185,2021
4/4/2021,117.9952637,1179.952637,186,2021
4/5/2021,118.3417236,1183.417236,187,2021
4/6/2021,118.8402222,1188.402222,188,2021
4/7/2021,119.0997437,1190.997437,189,2021
4/8/2021,119.0300537,1190.300537,190,2021
4/9/2021,118.5776123,1185.776123,191,2021
4/10/2021,118.5378296,1185.378296,192,2021
4/11/2021,119.0548584,1190.548584,193,2021
4/12/2021,119.3888672,1193.888672,194,2021
4/13/2021,119.3074463,1193.074463,195,2021
4/14/2021,118.6726318,1186.726318,196,2021
4/15/2021,118.3572266,1183.572266,197,2021
4/16/2021,118.0122925,1180.122925,198,2021
4/17/2021,117.1761963,1171.761963,199,2021
4/18/2021,115.9882935,1159.882935,200,2021
4/19/2021,113.9090942,1139.090942,201,2021
4/20/2021,111.2926758,1112.926758,202,2021
4/21/2021,108.3715942,1083.715942,203,2021
4/22/2021,105.7689819,1057.689819,204,2021
4/23/2021,104.1581421,1041.581421,205,2021
4/24/2021,102.5760498,1025.760498,206,2021
4/25/2021,101.5709961,1015.709961,207,2021
4/26/2021,101.2272705,1012.272705,208,2021
4/27/2021,100.148291,1001.48291,209,2021
4/28/2021,98.86978149,988.6978149,210,2021
4/29/2021,97.96688232,979.6688232,211,2021
4/30/2021,97.00855713,970.0855713,212,2021
5/1/2021,96.02911987,960.2911987,213,2021
5/2/2021,95.08045044,950.8045044,214,2021
5/3/2021,93.22873535,932.2873535,215,2021
5/4/2021,91.43067017,914.3067017,216,2021
5/5/2021,90.7749939,907.749939,217,2021
5/6/2021,89.62685547,896.2685547,218,2021
5/7/2021,88.0071228,880.071228,219,2021
5/8/2021,86.81157227,868.1157227,220,2021
5/9/2021,85.3730957,853.730957,221,2021
5/10/2021,84.10404663,841.0404663,222,2021
5/11/2021,83.245,832.45,223,2021
5/12/2021,83,830,224,2021
5/13/2021,82.2381,822.381,225,2021
5/14/2021,81.8921,818.921,226,2021
5/15/2021,81.5652,815.652,227,2021
5/16/2021,81.324,813.24,228,2021
5/17/2021,81.2156,812.156,229,2021
5/18/2021,80.9918,809.918,230,2021
5/19/2021,80.89718,808.9718,231,2021
5/20/2021,80.65172,806.5172,232,2021
5/21/2021,80.6019,806.019,233,2021
5/22/2021,80.514,805.14,234,2021
5/23/2021,80.3241,803.241,235,2021
5/24/2021,80.15103149,801.5103149,236,2021
5/25/2021,78.95062866,789.5062866,237,2021
5/26/2021,77.64466553,776.4466553,238,2021
5/27/2021,76.62056274,766.2056274,239,2021
5/28/2021,75.66340332,756.6340332,240,2021
5/29/2021,74.85039063,748.5039063,241,2021
5/30/2021,73.82457275,738.2457275,242,2021
5/31/2021,73.5162,735.162,243,2021
6/1/2021,73.0128,730.128,244,2021
6/2/2021,72.5671,725.671,245,2021
6/3/2021,72.1029,721.029,246,2021
6/4/2021,71.5677,715.677,247,2021
6/5/2021,71.21719,712.1719,248,2021
6/6/2021,70.81716,708.1716,249,2021
6/7/2021,70.65171,706.5171,250,2021
6/8/2021,70.55586548,705.5586548,251,2021
6/9/2021,69.99243774,699.9243774,252,2021
6/10/2021,69.13275146,691.3275146,253,2021
6/11/2021,68.18612061,681.8612061,254,2021
6/12/2021,63.15309143,631.5309143,255,2021
6/13/2021,57.86740112,578.6740112,256,2021
6/14/2021,57.21218262,572.1218262,257,2021
6/15/2021,56.46999512,564.6999512,258,2021
6/16/2021,55.52269287,555.2269287,259,2021
6/17/2021,55.19414673,551.9414673,260,2021
6/18/2021,53.40167236,534.0167236,261,2021
6/19/2021,51.90529175,519.0529175,262,2021
6/20/2021,50.63209534,506.3209534,263,2021
6/21/2021,48.29902039,482.9902039,264,2021
6/22/2021,47.2617,472.617,265,2021
6/23/2021,46.31516,463.1516,266,2021
6/24/2021,46.01982,460.1982,267,2021
6/25/2021,45.86324158,458.6324158,268,2021
6/26/2021,43.0277771,430.277771,269,2021
6/27/2021,39.75162354,397.5162354,270,2021
6/28/2021,36.38113403,363.8113403,271,2021
6/29/2021,34.0846344,340.846344,272,2021
6/30/2021,30.81752625,308.1752625,273,2021
7/1/2021,28.04378662,280.4378662,274,2021
7/2/2021,25.78291016,257.8291016,275,2021
7/3/2021,23.68307953,236.8307953,276,2021
7/4/2021,21.49525299,214.9525299,277,2021
7/5/2021,19.21586304,192.1586304,278,2021
7/6/2021,16.87499237,168.7499237,279,2021
7/7/2021,14.39932251,143.9932251,280,2021
7/8/2021,11.790345,117.90345,281,2021
7/9/2021,7.662001038,76.62001038,282,2021
7/10/2021,6.048316574,60.48316574,283,2021
7/11/2021,4.279360962,42.79360962,284,2021
7/12/2021,2.642787933,26.42787933,285,2021
7/13/2021,1.222056484,12.22056484,286,2021
7/14/2021,0.175790536,1.757905364,287,2021
7/15/2021,0.174002457,1.740024567,288,2021
7/16/2021,0.173108423,1.731084228,289,2021
7/17/2021,0.12851789,1.2851789,290,2021
7/18/2021,0.491650629,4.91650629,291,2021
7/19/2021,0.458667469,4.58667469,292,2021
7/20/2021,0.470274544,4.702745438,293,2021
7/21/2021,0.470274544,4.702745438,294,2021
7/22/2021,0.34201777,3.420177698,295,2021
7/23/2021,0.363393974,3.633939743,296,2021
7/24/2021,0.470274544,4.702745438,297,2021
7/25/2021,0.491650629,4.91650629,298,2021
7/26/2021,0.352705872,3.527058721,299,2021
7/27/2021,0.352705872,3.527058721,300,2021
7/28/2021,0.352705872,3.527058721,301,2021
7/29/2021,0.171008885,1.710088849,302,2021
7/30/2021,0,0,303,2021
7/31/2021,0,0,304,2021
8/1/2021,0,0,305,2021
8/2/2021,0,0,306,2021
8/3/2021,0,0,307,2021
8/4/2021,0,0,308,2021
8/5/2021,0,0,309,2021
8/6/2021,0,0,310,2021
8/7/2021,0,0,311,2021
8/8/2021,0,0,312,2021
8/9/2021,0,0,313,2021
8/10/2021,0.041061798,0.410617977,314,2021
8/11/2021,0.082123595,0.821235955,315,2021
8/12/2021,0.10460397,1.046039701,316,2021
8/13/2021,0.115609932,1.156099319,317,2021
8/14/2021,0.112671173,1.126711726,318,2021
8/15/2021,0.116533792,1.16533792,319,2021
8/16/2021,0.1185794,1.185793996,320,2021
8/17/2021,0.109732413,1.097324133,321,2021
8/18/2021,0.099844098,0.998440981,322,2021
8/19/2021,0.119701147,1.197011471,323,2021
8/20/2021,0.122270739,1.222707391,324,2021
8/21/2021,0.109363842,1.09363842,325,2021
8/22/2021,0.117457652,1.174576521,326,2021
8/23/2021,0.168412435,1.684124351,327,2021
8/24/2021,0.131676579,1.316765785,328,2021
8/25/2021,0.148708701,1.487087011,329,2021
8/26/2021,0.160063553,1.600635529,330,2021
8/27/2021,0.138494635,1.384946346,331,2021
8/28/2021,0.130240273,1.302402735,332,2021
8/29/2021,0.139574265,1.395742655,333,2021
8/30/2021,0.177281213,1.772812128,334,2021
8/31/2021,0.1758569,1.758569002,335,2021
9/1/2021,0.177786231,1.77786231,336,2021
9/2/2021,0.177786231,1.77786231,337,2021
9/3/2021,0.177786231,1.77786231,338,2021
9/4/2021,0.177786231,1.77786231,339,2021
9/5/2021,0.174432588,1.744325876,340,2021
9/6/2021,0.178291249,1.782912493,341,2021
9/7/2021,0.182940733,1.829407334,342,2021
9/8/2021,0.193140006,1.931400061,343,2021
9/9/2021,0.192577696,1.925776958,344,2021
9/10/2021,0.34201777,3.420177698,345,2021
9/11/2021,0.253667009,2.536670089,346,2021
9/12/2021,0.253667009,2.536670089,347,2021
9/13/2021,0.253667009,2.536670089,348,2021
9/14/2021,0.299265671,2.992656708,349,2021
9/15/2021,0.320000529,3.200005293,350,2021
9/16/2021,0.299265671,2.992656708,351,2021
9/17/2021,0.238009667,2.380096674,352,2021
9/18/2021,0.34201777,3.420177698,353,2021
9/19/2021,0.257193756,2.571937561,354,2021
9/20/2021,0.250140262,2.501402617,355,2021
9/21/2021,0.3096331,3.096331,356,2021
9/22/2021,0.33100915,3.310091496,357,2021
9/23/2021,0.383956182,3.83956182,358,2021
9/24/2021,0.604091835,6.04091835,359,2021
9/25/2021,0.782289076,7.822890759,360,2021
9/26/2021,0.425894594,4.258945942,361,2021
9/27/2021,1.194642496,11.94642496,362,2021
9/28/2021,1.521842432,15.21842432,363,2021
9/29/2021,1.906110001,19.06110001,364,2021
9/30/2021,1.906110001,19.06110001,365,2021
10/1/2021,1.946305656,19.46305656,1,2022
10/2/2021,1.823195648,18.23195648,2,2022
10/3/2021,1.959009171,19.59009171,3,2022
10/4/2021,2.003360939,20.03360939,4,2022
10/5/2021,2.133506775,21.33506775,5,2022
10/6/2021,1.823195648,18.23195648,6,2022
10/7/2021,1.807527924,18.07527924,7,2022
10/8/2021,1.786812019,17.86812019,8,2022
10/9/2021,1.228068447,12.28068447,9,2022
10/10/2021,1.285925388,12.85925388,10,2022
10/11/2021,0.518529224,5.185292244,11,2022
10/12/2021,0.481650734,4.816507339,12,2022
10/13/2021,0.280050635,2.800506353,13,2022
10/14/2021,0.505939293,5.059392929,14,2022
10/15/2021,1.08644352,10.8644352,15,2022
10/16/2021,1.040888786,10.40888786,16,2022
10/17/2021,0.602132893,6.021328926,17,2022
10/18/2021,0.560635853,5.606358528,18,2022
10/19/2021,0.617502737,6.17502737,19,2022
10/20/2021,0.586685944,5.866859436,20,2022
10/21/2021,0.591990232,5.919902325,21,2022
10/22/2021,0.688018179,6.880181789,22,2022
10/23/2021,0.804506111,8.045061111,23,2022
10/24/2021,0.813637543,8.136375427,24,2022
10/25/2021,1.162436867,11.62436867,25,2022
10/26/2021,1.755668259,17.55668259,26,2022
10/27/2021,3.069878864,30.69878864,27,2022
10/28/2021,4.141939926,41.41939926,28,2022
10/29/2021,4.511655045,45.11655045,29,2022
10/30/2021,4.623701096,46.23701096,30,2022
10/31/2021,4.600484848,46.00484848,31,2022
11/1/2021,4.652576828,46.52576828,32,2022
11/2/2021,4.690602112,46.90602112,33,2022
11/3/2021,4.762393951,47.62393951,34,2022
11/4/2021,4.901771164,49.01771164,35,2022
11/5/2021,4.730488968,47.30488968,36,2022
11/6/2021,4.880299759,48.80299759,37,2022
11/7/2021,5.956444168,59.56444168,38,2022
11/8/2021,7.004479027,70.04479027,39,2022
11/9/2021,10.00100594,100.0100594,40,2022
11/10/2021,13.04425354,130.4425354,41,2022
11/11/2021,14.66902771,146.6902771,42,2022
11/12/2021,15.17113647,151.7113647,43,2022
11/13/2021,15.21950531,152.1950531,44,2022
11/14/2021,15.79572449,157.9572449,45,2022
11/15/2021,16.10348282,161.0348282,46,2022
11/16/2021,17.27984924,172.7984924,47,2022
11/17/2021,16.41124115,164.1124115,48,2022
11/18/2021,16.6856308,166.856308,49,2022
11/19/2021,17.74061737,177.4061737,50,2022
11/20/2021,18.79539795,187.9539795,51,2022
11/21/2021,18.46313477,184.6313477,52,2022
11/22/2021,18.65162201,186.5162201,53,2022
11/23/2021,19.8508255,198.508255,54,2022
11/24/2021,20.16663055,201.6663055,55,2022
11/25/2021,19.97514343,199.7514343,56,2022
11/26/2021,20.56938934,205.6938934,57,2022
11/27/2021,21.3207489,213.207489,58,2022
11/28/2021,21.7048996,217.048996,59,2022
11/29/2021,21.66700134,216.6700134,60,2022
11/30/2021,21.39965057,213.9965057,61,2022
12/1/2021,21.93430481,219.3430481,62,2022
12/2/2021,21.00166473,210.0166473,63,2022
12/3/2021,20.15530701,201.5530701,64,2022
12/4/2021,20.29908752,202.9908752,65,2022
12/5/2021,20.11822815,201.1822815,66,2022
12/6/2021,20.47642212,204.7642212,67,2022
12/7/2021,21.31066284,213.1066284,68,2022
12/8/2021,21.9109848,219.109848,69,2022
12/9/2021,22.03103943,220.3103943,70,2022
12/10/2021,22.23761597,222.3761597,71,2022
12/11/2021,22.43755646,224.3755646,72,2022
12/12/2021,23.79294281,237.9294281,73,2022
12/13/2021,26.09512024,260.9512024,74,2022
12/14/2021,28.76333618,287.6333618,75,2022
12/15/2021,30.98062744,309.8062744,76,2022
12/16/2021,32.04760132,320.4760132,77,2022
12/17/2021,32.60180054,326.0180054,78,2022
12/18/2021,33.01014404,330.1014404,79,2022
12/19/2021,34.87032166,348.7032166,80,2022
12/20/2021,36.39931335,363.9931335,81,2022
12/21/2021,40.21373901,402.1373901,82,2022
12/22/2021,40.64544067,406.4544067,83,2022
12/23/2021,41.34060364,413.4060364,84,2022
12/24/2021,42.50851288,425.0851288,85,2022
12/25/2021,45.54439087,455.4439087,86,2022
12/26/2021,46.3360199,463.360199,87,2022
12/27/2021,46.84190369,468.4190369,88,2022
12/28/2021,47.32481689,473.2481689,89,2022
12/29/2021,47.45807495,474.5807495,90,2022
12/30/2021,47.3350769,473.350769,91,2022
12/31/2021,47.46083984,474.6083984,92,2022
1/1/2022,47.42188416,474.2188416,93,2022
1/2/2022,47.96271057,479.6271057,94,2022
1/3/2022,49.39129639,493.9129639,95,2022
1/4/2022,50.56600647,505.6600647,96,2022
1/5/2022,53.5373291,535.373291,97,2022
1/6/2022,56.49003296,564.9003296,98,2022
1/7/2022,57.80147705,578.0147705,99,2022
1/8/2022,57.82949829,578.2949829,100,2022
1/9/2022,58.25831909,582.5831909,101,2022
1/10/2022,58.52354736,585.2354736,102,2022
1/11/2022,58.80498047,588.0498047,103,2022
1/12/2022,59.20837402,592.0837402,104,2022
1/13/2022,59.65823975,596.5823975,105,2022
1/14/2022,59.88800049,598.8800049,106,2022
1/15/2022,59.7137146,597.137146,107,2022
1/16/2022,59.37523193,593.7523193,108,2022
1/17/2022,59.2742981,592.742981,109,2022
1/18/2022,59.33582153,593.3582153,110,2022
1/19/2022,59.5362854,595.362854,111,2022
1/20/2022,59.68597717,596.8597717,112,2022
1/21/2022,59.76886597,597.6886597,113,2022
1/22/2022,59.82401733,598.2401733,114,2022
1/23/2022,60.09715576,600.9715576,115,2022
1/24/2022,60.21704102,602.1704102,116,2022
1/25/2022,60.34880981,603.4880981,117,2022
1/26/2022,60.52005005,605.2005005,118,2022
1/27/2022,60.56040649,605.6040649,119,2022
1/28/2022,60.51080322,605.1080322,120,2022
1/29/2022,60.58684692,605.8684692,121,2022
1/30/2022,60.65465698,606.5465698,122,2022
1/31/2022,61.69791565,616.9791565,123,2022
2/1/2022,64.13858948,641.3858948,124,2022
2/2/2022,66.03734741,660.3734741,125,2022
2/3/2022,66.80966797,668.0966797,126,2022
2/4/2022,66.92220459,669.2220459,127,2022
2/5/2022,67.29117737,672.9117737,128,2022
2/6/2022,68.08961182,680.8961182,129,2022
2/7/2022,68.68498535,686.8498535,130,2022
2/8/2022,68.52125854,685.2125854,131,2022
2/9/2022,68.51907349,685.1907349,132,2022
2/10/2022,68.62340088,686.2340088,133,2022
2/11/2022,68.72957153,687.2957153,134,2022
2/12/2022,68.65285034,686.5285034,135,2022
2/13/2022,68.63527222,686.3527222,136,2022
2/14/2022,68.71472168,687.1472168,137,2022
2/15/2022,68.89811401,688.9811401,138,2022
2/16/2022,69.07045288,690.7045288,139,2022
2/17/2022,69.10321655,691.0321655,140,2022
2/18/2022,69.19567261,691.9567261,141,2022
2/19/2022,69.2977356,692.977356,142,2022
2/20/2022,69.4736145,694.736145,143,2022
2/21/2022,69.7668335,697.668335,144,2022
2/22/2022,70.36262207,703.6262207,145,2022
2/23/2022,70.46717529,704.6717529,146,2022
2/24/2022,70.75354004,707.5354004,147,2022
2/25/2022,71.19519653,711.9519653,148,2022
2/26/2022,71.50681152,715.0681152,149,2022
2/27/2022,71.9437561,719.437561,150,2022
2/28/2022,72.9905304,729.905304,151,2022
3/1/2022,75.06156616,750.6156616,152,2022
3/2/2022,76.68181763,766.8181763,153,2022
3/3/2022,77.1873291,771.873291,154,2022
3/4/2022,77.56213379,775.6213379,155,2022
3/5/2022,77.70062866,777.0062866,156,2022
3/6/2022,77.46364746,774.6364746,157,2022
3/7/2022,77.10662231,771.0662231,158,2022
3/8/2022,76.8609314,768.609314,159,2022
3/9/2022,76.71392212,767.1392212,160,2022
3/10/2022,76.41465454,764.1465454,161,2022
3/11/2022,77.15233154,771.5233154,162,2022
3/12/2022,78.18005981,781.8005981,163,2022
3/13/2022,78.02595825,780.2595825,164,2022
3/14/2022,78.16958618,781.6958618,165,2022
3/15/2022,79.7048584,797.048584,166,2022
3/16/2022,80.87957153,808.7957153,167,2022
3/17/2022,83.81790771,838.1790771,168,2022
3/18/2022,84.79855957,847.9855957,169,2022
3/19/2022,85.55880127,855.5880127,170,2022
3/20/2022,86.06408081,860.6408081,171,2022
3/21/2022,86.44811401,864.4811401,172,2022
3/22/2022,87.17419434,871.7419434,173,2022
3/23/2022,87.66029663,876.6029663,174,2022
3/24/2022,87.52664185,875.2664185,175,2022
3/25/2022,87.2434082,872.434082,176,2022
3/26/2022,87.19351196,871.9351196,177,2022
3/27/2022,87.45809326,874.5809326,178,2022
3/28/2022,87.59963989,875.9963989,179,2022
3/29/2022,87.52094116,875.2094116,180,2022
3/30/2022,87.13884277,871.3884277,181,2022
3/31/2022,87.39158325,873.9158325,182,2022
4/1/2022,87.85814209,878.5814209,183,2022
4/2/2022,87.48951721,874.8951721,184,2022
4/3/2022,87.48951721,874.8951721,185,2022
4/4/2022,87.48951721,874.8951721,186,2022
4/5/2022,87.56029053,875.6029053,187,2022
4/6/2022,87.72889099,877.2889099,188,2022
4/7/2022,88.30289307,883.0289307,189,2022
4/8/2022,88.85108337,888.5108337,190,2022
4/9/2022,90.97999268,909.7999268,191,2022
4/10/2022,88.74764404,887.4764404,192,2022
4/11/2022,89.0335083,890.335083,193,2022
4/12/2022,88.95452271,889.5452271,194,2022
4/13/2022,89.06130371,890.6130371,195,2022
4/14/2022,89.31679688,893.1679688,196,2022
4/15/2022,89.34456787,893.4456787,197,2022
4/16/2022,89.30823975,893.0823975,198,2022
4/17/2022,89.25213623,892.5213623,199,2022
4/18/2022,89.21848145,892.1848145,200,2022
4/19/2022,91.42554321,914.2554321,201,2022
4/20/2022,92.12498169,921.2498169,202,2022
4/21/2022,92.5267334,925.267334,203,2022
4/22/2022,92.71824951,927.1824951,204,2022
4/23/2022,92.83441772,928.3441772,205,2022
4/24/2022,92.83751221,928.3751221,206,2022
4/25/2022,92.97849731,929.7849731,207,2022
4/26/2022,93.04102173,930.4102173,208,2022
4/27/2022,92.83707275,928.3707275,209,2022
4/28/2022,92.48456421,924.8456421,210,2022
4/29/2022,92.0744812,920.744812,211,2022
4/30/2022,91.7831665,917.831665,212,2022
5/1/2022,92.23566895,922.3566895,213,2022
5/2/2022,92.18649902,921.8649902,214,2022
5/3/2022,92.17252197,921.7252197,215,2022
5/4/2022,92.11593018,921.1593018,216,2022
5/5/2022,91.9520813,919.520813,217,2022
5/6/2022,91.88018799,918.8018799,218,2022
5/7/2022,92.57698669,925.7698669,219,2022
5/8/2022,92.43458252,924.3458252,220,2022
5/9/2022,96.42860107,964.2860107,221,2022
5/10/2022,96.55593872,965.5593872,222,2022
5/11/2022,96.31010132,963.1010132,223,2022
5/12/2022,96.04977417,960.4977417,224,2022
5/13/2022,96.68662109,966.8662109,225,2022
5/14/2022,97.89561157,978.9561157,226,2022
5/15/2022,92.38460083,923.8460083,227,2022
5/16/2022,92.66940918,926.6940918,228,2022
5/17/2022,86.64813843,866.4813843,229,2022
5/18/2022,79.28832397,792.8832397,230,2022
5/19/2022,79.47116699,794.7116699,231,2022
5/20/2022,81.59178467,815.9178467,232,2022
5/21/2022,80.53213501,805.3213501,233,2022
5/22/2022,79.19200439,791.9200439,234,2022
5/23/2022,79.48718872,794.8718872,235,2022
5/24/2022,80.47866211,804.7866211,236,2022
5/25/2022,82.06592407,820.6592407,237,2022
5/26/2022,80.19649048,801.9649048,238,2022
5/27/2022,79.37974548,793.7974548,239,2022
5/28/2022,80.51206055,805.1206055,240,2022
5/29/2022,78.14372559,781.4372559,241,2022
5/30/2022,77.88804932,778.8804932,242,2022
5/31/2022,77.88804932,778.8804932,243,2022
6/1/2022,74.57504272,745.7504272,244,2022
6/2/2022,75.59372559,755.9372559,245,2022
6/3/2022,76.66328735,766.6328735,246,2022
6/4/2022,77.63237305,776.3237305,247,2022
6/5/2022,76.65397949,766.5397949,248,2022
6/6/2022,76.50067139,765.0067139,249,2022
6/7/2022,76.36846313,763.6846313,250,2022
6/8/2022,76.10527954,761.0527954,251,2022
6/9/2022,76.57732544,765.7732544,252,2022
6/10/2022,76.65863342,766.5863342,253,2022
6/11/2022,78.78182373,787.8182373,254,2022
6/12/2022,75.52792358,755.2792358,255,2022
6/13/2022,77.7486084,777.486084,256,2022
6/14/2022,73.2772522,732.772522,257,2022
6/15/2022,77.42368774,774.2368774,258,2022
6/16/2022,80.27609863,802.7609863,259,2022
6/17/2022,79.23099976,792.3099976,260,2022
6/18/2022,78.60498657,786.0498657,261,2022
6/19/2022,77.86484375,778.6484375,262,2022
6/20/2022,79.67648315,796.7648315,263,2022
6/21/2022,78.89508057,788.9508057,264,2022
6/22/2022,77.87287598,778.7287598,265,2022
6/23/2022,76.89990234,768.9990234,266,2022
6/24/2022,76.19143066,761.9143066,267,2022
6/25/2022,74.54923706,745.4923706,268,2022
6/26/2022,72.42489624,724.2489624,269,2022
6/27/2022,70.77597046,707.7597046,270,2022
6/28/2022,69.05534058,690.5534058,271,2022
6/29/2022,67.24613647,672.4613647,272,2022
6/30/2022,65.75661011,657.5661011,273,2022
7/1/2022,64.14615479,641.4615479,274,2022
7/2/2022,62.58666992,625.8666992,275,2022
7/3/2022,60.90873413,609.0873413,276,2022
7/4/2022,59.13967285,591.3967285,277,2022
7/5/2022,57.73963013,577.3963013,278,2022
7/6/2022,59.35361938,593.5361938,279,2022
7/7/2022,57.64597168,576.4597168,280,2022
7/8/2022,55.9279541,559.279541,281,2022
7/9/2022,53.36007843,533.6007843,282,2022
7/10/2022,49.51443787,495.1443787,283,2022
7/11/2022,48.10279846,481.0279846,284,2022
7/12/2022,46.0270874,460.270874,285,2022
7/13/2022,44.08488464,440.8488464,286,2022
7/14/2022,42.63012085,426.3012085,287,2022
7/15/2022,41.19980469,411.9980469,288,2022
7/16/2022,39.7788269,397.788269,289,2022
7/17/2022,34.73250122,347.3250122,290,2022
7/18/2022,28.58671875,285.8671875,291,2022
7/19/2022,28.381427,283.81427,292,2022
7/20/2022,26.95228577,269.5228577,293,2022
7/21/2022,25.40739288,254.0739288,294,2022
7/22/2022,23.97891388,239.7891388,295,2022
7/23/2022,22.31739044,223.1739044,296,2022
7/24/2022,23.11994476,231.1994476,297,2022
7/25/2022,21.09390564,210.9390564,298,2022
7/26/2022,18.91702881,189.1702881,299,2022
7/27/2022,16.41306763,164.1306763,300,2022
7/28/2022,13.36222076,133.6222076,301,2022
7/29/2022,11.35620346,113.5620346,302,2022
7/30/2022,7.213341904,72.13341904,303,2022
7/31/2022,2.645129406,26.45129406,304,2022
8/1/2022,0.213761163,2.137611628,305,2022
8/2/2022,0.192385054,1.923850536,306,2022
8/3/2022,0.149632835,1.496328354,307,2022
8/4/2022,0.074816418,0.748164177,308,2022
8/5/2022,0,0,309,2022
8/6/2022,0,0,310,2022
8/7/2022,0,0,311,2022
8/8/2022,0,0,312,2022
8/9/2022,0,0,313,2022
8/10/2022,0,0,314,2022
8/11/2022,0,0,315,2022
8/12/2022,0,0,316,2022
8/13/2022,0,0,317,2022
8/14/2022,0,0,318,2022
8/15/2022,0,0,319,2022
8/16/2022,0,0,320,2022
8/17/2022,0,0,321,2022
8/18/2022,0,0,322,2022
8/19/2022,0,0,323,2022
8/20/2022,0,0,324,2022
8/21/2022,0,0,325,2022
8/22/2022,0,0,326,2022
8/23/2022,0,0,327,2022
8/24/2022,0,0,328,2022
8/25/2022,0,0,329,2022
8/26/2022,0,0,330,2022
8/27/2022,0,0,331,2022
8/28/2022,0,0,332,2022
8/29/2022,0,0,333,2022
8/30/2022,0,0,334,2022
8/31/2022,0,0,335,2022
9/1/2022,0,0,336,2022
9/2/2022,0,0,337,2022
9/3/2022,0,0,338,2022
9/4/2022,0,0,339,2022
9/5/2022,0,0,340,2022
9/6/2022,0,0,341,2022
9/7/2022,0,0,342,2022
9/8/2022,0,0,343,2022
9/9/2022,0,0,344,2022
9/10/2022,0,0,345,2022
9/11/2022,0,0,346,2022
9/12/2022,0,0,347,2022
9/13/2022,0,0,348,2022
9/14/2022,0,0,349,2022
9/15/2022,0,0,350,2022
9/16/2022,0,0,351,2022
9/17/2022,0,0,352,2022
9/18/2022,0,0,353,2022
9/19/2022,0,0,354,2022
9/20/2022,0,0,355,2022
9/21/2022,0,0,356,2022
9/22/2022,0,0,357,2022
9/23/2022,0,0,358,2022
9/24/2022,0,0,359,2022
9/25/2022,0,0,360,2022
9/26/2022,0,0,361,2022
9/27/2022,0,0,362,2022
9/28/2022,0,0,363,2022
9/29/2022,0,0,364,2022
9/30/2022,0,0,365,2022
10/1/2022,0,0,1,2023
10/2/2022,0,0,2,2023
10/3/2022,0,0,3,2023
10/4/2022,0,0,4,2023
10/5/2022,0,0,5,2023
10/6/2022,0,0,6,2023
10/7/2022,0,0,7,2023
10/8/2022,0,0,8,2023
10/9/2022,0,0,9,2023
10/10/2022,0,0,10,2023
10/11/2022,0,0,11,2023
10/12/2022,0,0,12,2023
10/13/2022,0,0,13,2023
10/14/2022,0,0,14,2023
10/15/2022,0,0,15,2023
10/16/2022,0,0,16,2023
10/17/2022,0,0,17,2023
10/18/2022,0,0,18,2023
10/19/2022,0,0,19,2023
10/20/2022,0,0,20,2023
10/21/2022,0,0,21,2023
10/22/2022,0,0,22,2023
10/23/2022,0,0,23,2023
10/24/2022,0,0,24,2023
10/25/2022,0,0,25,2023
10/26/2022,1.333441639,13.33441639,26,2023
10/27/2022,3.030549145,30.30549145,27,2023
10/28/2022,3.798839188,37.98839188,28,2023
10/29/2022,4.391479301,43.91479301,29,2023
10/30/2022,4.664054108,46.64054108,30,2023
10/31/2022,4.701769638,47.01769638,31,2023
11/1/2022,4.626909637,46.26909637,32,2023
11/2/2022,4.584346008,45.84346008,33,2023
11/3/2022,4.203463364,42.03463364,34,2023
11/4/2022,4.761719894,47.61719894,35,2023
11/5/2022,5.648582077,56.48582077,36,2023
11/6/2022,6.200590134,62.00590134,37,2023
11/7/2022,6.768457222,67.68457222,38,2023
11/8/2022,7.33729744,73.3729744,39,2023
11/9/2022,7.37278595,73.7278595,40,2023
11/10/2022,7.338270569,73.38270569,41,2023
11/11/2022,7.33632431,73.3632431,42,2023
11/12/2022,7.407301331,74.07301331,43,2023
11/13/2022,7.496406555,74.96406555,44,2023
11/14/2022,7.538620758,75.38620758,45,2023
11/15/2022,7.625865173,76.25865173,46,2023
11/16/2022,7.724517059,77.24517059,47,2023
11/17/2022,7.790007019,77.90007019,48,2023
11/18/2022,8.159740448,81.59740448,49,2023
11/19/2022,8.212391663,82.12391663,50,2023
11/20/2022,7.96344986,79.6344986,51,2023
11/21/2022,8.05670929,80.5670929,52,2023
11/22/2022,8.232952118,82.32952118,53,2023
11/23/2022,8.69323349,86.9323349,54,2023
11/24/2022,9.204286194,92.04286194,55,2023
11/25/2022,9.556539917,95.56539917,56,2023
11/26/2022,9.875165558,98.75165558,57,2023
11/27/2022,10.56322784,105.6322784,58,2023
11/28/2022,11.15693855,111.5693855,59,2023
11/29/2022,12.35616226,123.5616226,60,2023
11/30/2022,13.08565826,130.8565826,61,2023
12/1/2022,13.90334702,139.0334702,62,2023
12/2/2022,15.58271332,155.8271332,63,2023
12/3/2022,15.76484375,157.6484375,64,2023
12/4/2022,16.10438385,161.0438385,65,2023
12/5/2022,16.33348999,163.3348999,66,2023
12/6/2022,16.50496521,165.0496521,67,2023
12/7/2022,16.62074585,166.2074585,68,2023
12/8/2022,16.8468399,168.468399,69,2023
12/9/2022,17.28587418,172.8587418,70,2023
12/10/2022,18.45247879,184.5247879,71,2023
12/11/2022,19.90984726,199.0984726,72,2023
12/12/2022,21.04037857,210.4037857,73,2023
12/13/2022,21.655513,216.55513,74,2023
12/14/2022,21.78420868,217.8420868,75,2023
12/15/2022,21.8900589,218.900589,76,2023
12/16/2022,21.92897339,219.2897339,77,2023
12/17/2022,21.91508942,219.1508942,78,2023
12/18/2022,22.06813354,220.6813354,79,2023
12/19/2022,22.41068878,224.1068878,80,2023
12/20/2022,22.78978424,227.8978424,81,2023
12/21/2022,23.19529419,231.9529419,82,2023
12/22/2022,23.45232391,234.5232391,83,2023
12/23/2022,23.70216217,237.0216217,84,2023
12/24/2022,24.20050049,242.0050049,85,2023
12/25/2022,24.76604767,247.6604767,86,2023
12/26/2022,25.42711334,254.2711334,87,2023
12/27/2022,25.75090027,257.5090027,88,2023
12/28/2022,25.92926636,259.2926636,89,2023
12/29/2022,26.62155762,266.2155762,90,2023
12/30/2022,27.53861084,275.3861084,91,2023
12/31/2022,29.04376221,290.4376221,92,2023
1/1/2023,29.9557724,299.557724,93,2023
1/2/2023,31.92969666,319.2969666,94,2023
1/3/2023,32.05587769,320.5587769,95,2023
1/4/2023,31.98200684,319.8200684,96,2023
1/5/2023,32.18394165,321.8394165,97,2023
1/6/2023,32.55031433,325.5031433,98,2023
1/7/2023,33.14984741,331.4984741,99,2023
1/8/2023,33.79252625,337.9252625,100,2023
1/9/2023,34.75867004,347.5867004,101,2023
1/10/2023,35.76547241,357.6547241,102,2023
1/11/2023,36.77346497,367.7346497,103,2023
1/12/2023,37.3051178,373.051178,104,2023
1/13/2023,37.53421936,375.3421936,105,2023
1/14/2023,38.19812927,381.9812927,106,2023
1/15/2023,38.68094177,386.8094177,107,2023
1/16/2023,39.05842896,390.5842896,108,2023
1/17/2023,39.40489502,394.0489502,109,2023
1/18/2023,39.19957733,391.9957733,110,2023
1/19/2023,39.37281036,393.7281036,111,2023
1/20/2023,39.34072571,393.4072571,112,2023
1/21/2023,39.74294128,397.4294128,113,2023
1/22/2023,40.03568726,400.3568726,114,2023
1/23/2023,40.504599,405.04599,115,2023
1/24/2023,40.82163086,408.2163086,116,2023
1/25/2023,40.96798401,409.6798401,117,2023
1/26/2023,41.19535522,411.9535522,118,2023
1/27/2023,43.43120728,434.3120728,119,2023
1/28/2023,45.78403625,457.8403625,120,2023
1/29/2023,45.84625549,458.4625549,121,2023
1/30/2023,45.93091431,459.3091431,122,2023
1/31/2023,45.99761658,459.9761658,123,2023
2/1/2023,46.13431396,461.3431396,124,2023
2/2/2023,46.44981079,464.4981079,125,2023
2/3/2023,46.75605164,467.5605164,126,2023
2/4/2023,47.38909912,473.8909912,127,2023
2/5/2023,48.65223694,486.5223694,128,2023
2/6/2023,49.92751465,499.2751465,129,2023
2/7/2023,51.09375,510.9375,130,2023
2/8/2023,52.52773438,525.2773438,131,2023
2/9/2023,53.93532104,539.3532104,132,2023
2/10/2023,55.00281372,550.0281372,133,2023
2/11/2023,55.87734985,558.7734985,134,2023
2/12/2023,56.59820557,565.9820557,135,2023
2/13/2023,57.15264893,571.5264893,136,2023
2/14/2023,57.78198853,577.8198853,137,2023
2/15/2023,58.2326355,582.326355,138,2023
2/16/2023,58.49893188,584.9893188,139,2023
2/17/2023,59.09952393,590.9952393,140,2023
2/18/2023,60.14470825,601.4470825,141,2023
2/19/2023,61.25245972,612.5245972,142,2023
2/20/2023,61.98412476,619.8412476,143,2023
2/21/2023,62.52905884,625.2905884,144,2023
2/22/2023,63.27747192,632.7747192,145,2023
2/23/2023,63.97990723,639.7990723,146,2023
2/24/2023,64.32861328,643.2861328,147,2023
2/25/2023,64.58162842,645.8162842,148,2023
2/26/2023,65.20181885,652.0181885,149,2023
2/27/2023,66.2409729,662.409729,150,2023
2/28/2023,67.35802612,673.5802612,151,2023
3/1/2023,68.25841064,682.5841064,152,2023
3/2/2023,69.07977905,690.7977905,153,2023
3/3/2023,70.11085815,701.1085815,154,2023
3/4/2023,71.2288208,712.288208,155,2023
3/5/2023,72.33614502,723.3614502,156,2023
3/6/2023,73.24162598,732.4162598,157,2023
3/7/2023,73.68357544,736.8357544,158,2023
3/8/2023,73.9762085,739.762085,159,2023
3/9/2023,74.25407104,742.5407104,160,2023
3/10/2023,74.40354614,744.0354614,161,2023
3/11/2023,74.66524048,746.6524048,162,2023
3/12/2023,75.16795654,751.6795654,163,2023
3/13/2023,75.65158081,756.5158081,164,2023
3/14/2023,76.04121704,760.4121704,165,2023
3/15/2023,76.44576416,764.4576416,166,2023
3/16/2023,76.86422119,768.6422119,167,2023
3/17/2023,77.156604,771.56604,168,2023
3/18/2023,77.25561523,772.5561523,169,2023
3/19/2023,77.35314331,773.5314331,170,2023
3/20/2023,77.56851807,775.6851807,171,2023
3/21/2023,77.59721069,775.9721069,172,2023
3/22/2023,77.53417358,775.3417358,173,2023
3/23/2023,77.65118408,776.5118408,174,2023
3/24/2023,77.5916748,775.916748,175,2023
3/25/2023,77.82976074,778.2976074,176,2023
3/26/2023,78.10885925,781.0885925,177,2023
3/27/2023,78.72237549,787.2237549,178,2023
3/28/2023,78.8828186,788.828186,179,2023
3/29/2023,78.88623047,788.8623047,180,2023
3/30/2023,78.87211304,788.7211304,181,2023
3/31/2023,78.96605225,789.6605225,182,2023
4/1/2023,79.47314453,794.7314453,183,2023
4/2/2023,80.32521362,803.2521362,184,2023
4/3/2023,81.01824341,810.1824341,185,2023
4/4/2023,81.53588257,815.3588257,186,2023
4/5/2023,81.85385742,818.5385742,187,2023
4/6/2023,82.1725708,821.725708,188,2023
4/7/2023,82.81912842,828.1912842,189,2023
4/8/2023,83.32294312,833.2294312,190,2023
4/9/2023,83.66592407,836.6592407,191,2023
4/10/2023,84.12359009,841.2359009,192,2023
4/11/2023,84.50541992,845.0541992,193,2023
4/12/2023,85.31238403,853.1238403,194,2023
4/13/2023,86.06247559,860.6247559,195,2023
4/14/2023,86.18074951,861.8074951,196,2023
4/15/2023,86.21812744,862.1812744,197,2023
4/16/2023,86.91305118,869.1305118,198,2023
4/17/2023,87.79613963,877.9613963,199,2023
4/18/2023,88.59648716,885.9648716,200,2023
4/19/2023,88.85940618,888.5940618,201,2023
4/20/2023,88.77031425,887.7031425,202,2023
4/21/2023,88.80992176,888.0992176,203,2023
4/22/2023,88.72216978,887.2216978,204,2023
4/23/2023,88.46681854,884.6681854,205,2023
4/24/2023,88.31310624,883.1310624,206,2023
4/25/2023,88.20402638,882.0402638,207,2023
4/26/2023,88.29225805,882.9225805,208,2023
4/27/2023,88.15223244,881.5223244,209,2023
4/28/2023,87.31752951,873.1752951,210,2023
4/29/2023,86.16850766,861.6850766,211,2023
4/30/2023,83.96028357,839.6028357,212,2023
5/1/2023,81.18347555,811.8347555,213,2023
5/2/2023,79.22159016,792.2159016,214,2023
5/3/2023,77.47095179,774.7095179,215,2023
5/4/2023,75.23186557,752.3186557,216,2023
5/5/2023,72.94137944,729.4137944,217,2023
5/6/2023,71.07316017,710.7316017,218,2023
5/7/2023,69.68537882,696.8537882,219,2023
5/8/2023,68.65847984,686.5847984,220,2023
5/9/2023,67.50703138,675.0703138,221,2023
5/10/2023,65.97856362,659.7856362,222,2023
5/11/2023,64.26390981,642.6390981,223,2023
5/12/2023,61.75636039,617.5636039,224,2023
5/13/2023,59.30128652,593.0128652,225,2023
5/14/2023,56.87871006,568.7871006,226,2023
5/15/2023,53.91060418,539.1060418,227,2023
5/16/2023,51.3830701,513.830701,228,2023
5/17/2023,49.90138115,499.0138115,229,2023
5/18/2023,48.40575996,484.0575996,230,2023
5/19/2023,45.40304457,454.0304457,231,2023
5/20/2023,43.27143597,432.7143597,232,2023
5/21/2023,42.48118071,424.8118071,233,2023
5/22/2023,41.7457093,417.457093,234,2023
5/23/2023,40.98142422,409.8142422,235,2023
5/24/2023,40.01350313,400.1350313,236,2023
5/25/2023,38.95113682,389.5113682,237,2023
5/26/2023,37.40396479,374.0396479,238,2023
5/27/2023,35.8263422,358.263422,239,2023
5/28/2023,34.76983619,347.6983619,240,2023
5/29/2023,33.93595069,339.3595069,241,2023
5/30/2023,33.06653709,330.6653709,242,2023
5/31/2023,32.2737606,322.737606,243,2023
6/1/2023,31.53056152,315.3056152,244,2023
6/2/2023,30.872,308.72,245,2023
6/3/2023,30.435,304.35,246,2023
6/4/2023,29.651,296.51,247,2023
6/5/2023,29.012,290.12,248,2023
6/6/2023,28.345,283.45,249,2023
6/7/2023,27.6751,276.751,250,2023
6/8/2023,26.8716,268.716,251,2023
6/9/2023,26.0123,260.123,252,2023
6/10/2023,25.2371,252.371,253,2023
6/11/2023,24.12671,241.2671,254,2023
6/12/2023,22.6538,226.538,255,2023
6/13/2023,21.6571,216.571,256,2023
6/14/2023,20.8991,208.991,257,2023
6/15/2023,20.0123,200.123,258,2023
6/16/2023,19.3657,193.657,259,2023
6/17/2023,17.2134,172.134,260,2023
6/18/2023,15.9917,159.917,261,2023
6/19/2023,15.2123,152.123,262,2023
6/20/2023,13.9827,139.827,263,2023
6/21/2023,12.91238,129.1238,264,2023
6/22/2023,11.899,118.99,265,2023
6/23/2023,11.213,112.13,266,2023
6/24/2023,9.91728,99.1728,267,2023
6/25/2023,8.8129,88.129,268,2023
6/26/2023,7.7628,77.628,269,2023
6/27/2023,6.8912,68.912,270,2023
6/28/2023,6.2312,62.312,271,2023
6/29/2023,5.7612,57.612,272,2023
6/30/2023,4.6758,46.758,273,2023
7/1/2023,3.8917,38.917,274,2023
7/2/2023,3.1234,31.234,275,2023
7/3/2023,2.5267,25.267,276,2023
7/4/2023,1.7861,17.861,277,2023
7/5/2023,1.234,12.34,278,2023
7/6/2023,0.9162,9.162,279,2023
7/7/2023,0.765,7.65,280,2023
7/8/2023,0.681,6.81,281,2023
7/9/2023,0.613193532,6.13193532,282,2023
7/10/2023,0.616706777,6.167067769,283,2023
7/11/2023,0.620775174,6.207751736,284,2023
7/12/2023,0.624291681,6.242916813,285,2023
7/13/2023,0.628849558,6.288495582,286,2023
7/14/2023,0.630937192,6.309371915,287,2023
7/15/2023,0.629230945,6.292309449,288,2023
7/16/2023,0.631190498,6.311904976,289,2023
7/17/2023,0.63366482,6.336648202,290,2023
7/18/2023,0.633388264,6.333882639,291,2023
7/19/2023,0.629760399,6.297603994,292,2023
7/20/2023,0.630937192,6.309371915,293,2023
7/21/2023,0.558530417,5.585304171,294,2023
7/22/2023,0.481311236,4.81311236,295,2023
7/23/2023,0.402206332,4.022063322,296,2023
7/24/2023,0.331806835,3.318068348,297,2023
7/25/2023,0.262024082,2.620240824,298,2023
7/26/2023,0.186360225,1.863602248,299,2023
7/27/2023,0.109558326,1.095583257,300,2023
7/28/2023,0.200591863,2.005918632,301,2023
7/29/2023,0.04032012,0.403201201,302,2023
7/30/2023,0.182620188,1.826201878,303,2023
7/31/2023,0.463793961,4.637939614,304,2023
8/1/2023,0.45980225,4.5980225,305,2023
8/2/2023,0.455667773,4.556677734,306,2023
8/3/2023,0.451432953,4.514329534,307,2023
8/4/2023,0.447221792,4.472217917,308,2023
8/5/2023,0.443478899,4.434788993,309,2023
8/6/2023,0.438833732,4.388337317,310,2023
8/7/2023,0.434709861,4.347098606,311,2023
8/8/2023,0.43056845,4.305684497,312,2023
8/9/2023,0.426369933,4.263699329,313,2023
8/10/2023,0,0,314,2023
8/11/2023,0,0,315,2023
8/12/2023,0,0,316,2023
8/13/2023,0,0,317,2023
8/14/2023,0,0,318,2023
8/15/2023,0,0,319,2023
8/16/2023,0,0,320,2023
8/17/2023,0,0,321,2023
8/18/2023,0,0,322,2023
8/19/2023,0,0,323,2023
8/20/2023,0,0,324,2023
8/21/2023,0,0,325,2023
8/22/2023,0,0,326,2023
8/23/2023,0,0,327,2023
8/24/2023,0,0,328,2023
8/25/2023,0,0,329,2023
8/26/2023,0,0,330,2023
8/27/2023,0,0,331,2023
8/28/2023,0,0,332,2023
8/29/2023,0,0,333,2023
8/30/2023,0,0,334,2023
8/31/2023,0,0,335,2023
9/1/2023,0,0,336,2023
9/2/2023,0,0,337,2023
9/3/2023,0,0,338,2023
9/4/2023,0,0,339,2023
9/5/2023,0,0,340,2023
9/6/2023,0,0,341,2023
9/7/2023,0,0,342,2023
9/8/2023,0,0,343,2023
9/9/2023,0,0,344,2023
9/10/2023,0,0,345,2023
9/11/2023,0,0,346,2023
9/12/2023,0,0,347,2023
9/13/2023,0,0,348,2023
9/14/2023,0,0,349,2023
9/15/2023,0,0,350,2023
9/16/2023,0,0,351,2023
9/17/2023,0,0,352,2023
9/18/2023,0,0,353,2023
9/19/2023,0,0,354,2023
9/20/2023,0,0,355,2023
9/21/2023,0,0,356,2023
9/22/2023,0,0,357,2023
9/23/2023,0,0,358,2023
9/24/2023,0,0,359,2023
9/25/2023,0,0,360,2023
9/26/2023,0,0,361,2023
9/27/2023,0,0,362,2023
9/28/2023,0,0,363,2023
9/29/2023,0,0,364,2023
9/30/2023,0,0,365,2023
10/1/2023,0,0,1,2024
10/2/2023,0,0,2,2024
10/3/2023,0,0,3,2024
10/4/2023,0,0,4,2024
10/5/2023,0,0,5,2024
10/6/2023,0,0,6,2024
10/7/2023,0,0,7,2024
10/8/2023,0,0,8,2024
10/9/2023,0,0,9,2024
10/10/2023,0,0,10,2024
10/11/2023,0,0,11,2024
10/12/2023,0,0,12,2024
10/13/2023,0,0,13,2024
10/14/2023,0,0,14,2024
10/15/2023,0,0,15,2024
10/16/2023,0,0,16,2024
10/17/2023,0,0,17,2024
10/18/2023,0.041366792,0.41366792,18,2024
10/19/2023,0.097970289,0.979702885,19,2024
10/20/2023,0.103863631,1.038636308,20,2024
10/21/2023,0.103343966,1.033439659,21,2024
10/22/2023,0.129662911,1.296629113,22,2024
10/23/2023,0.145015867,1.450158673,23,2024
10/24/2023,0.075085455,0.750854551,24,2024
10/25/2023,0.339452516,3.394525163,25,2024
10/26/2023,0.899125054,8.99125054,26,2024
10/27/2023,1.087931864,10.87931864,27,2024
10/28/2023,0.991692296,9.916922964,28,2024
10/29/2023,1.003199569,10.03199569,29,2024
10/30/2023,1.003890144,10.03890144,30,2024
10/31/2023,1.033293631,10.33293631,31,2024
11/1/2023,1.421720278,14.21720278,32,2024
11/2/2023,1.713919187,17.13919187,33,2024
11/3/2023,1.27307206,12.7307206,34,2024
11/4/2023,1.297084329,12.97084329,35,2024
11/5/2023,1.520924465,15.20924465,36,2024
11/6/2023,1.516527709,15.16527709,37,2024
11/7/2023,1.489582229,14.89582229,38,2024
11/8/2023,1.046378662,10.46378662,39,2024
11/9/2023,0.629881954,6.298819537,40,2024
11/10/2023,0.879332104,8.793321042,41,2024
11/11/2023,3.827824097,38.27824097,42,2024
11/12/2023,6.982593674,69.82593674,43,2024
11/13/2023,7.921454735,79.21454735,44,2024
11/14/2023,8.627810636,86.27810636,45,2024
11/15/2023,8.60008158,86.0008158,46,2024
11/16/2023,7.982058917,79.82058917,47,2024
11/17/2023,7.98424771,79.8424771,48,2024
11/18/2023,8.364547353,83.64547353,49,2024
11/19/2023,8.593057538,85.93057538,50,2024
11/20/2023,8.842718165,88.42718165,51,2024
11/21/2023,8.772659265,87.72659265,52,2024
11/22/2023,9.095176172,90.95176172,53,2024
11/23/2023,9.775418302,97.75418302,54,2024
11/24/2023,8.977089877,89.77089877,55,2024
11/25/2023,9.387078129,93.87078129,56,2024
11/26/2023,11.1192431,111.192431,57,2024
11/27/2023,11.33115746,113.3115746,58,2024
11/28/2023,10.47020982,104.7020982,59,2024
11/29/2023,9.472642949,94.72642949,60,2024
11/30/2023,8.984182854,89.84182854,61,2024
12/1/2023,10.04317297,100.4317297,62,2024
12/2/2023,14.02353421,140.2353421,63,2024
12/3/2023,16.58011283,165.8011283,64,2024
12/4/2023,17.54071823,175.4071823,65,2024
12/5/2023,17.41585753,174.1585753,66,2024
12/6/2023,15.8634656,158.634656,67,2024
12/7/2023,15.28374232,152.8374232,68,2024
12/8/2023,15.26984598,152.6984598,69,2024
12/9/2023,14.97778004,149.7778004,70,2024
12/10/2023,16.18704509,161.8704509,71,2024
12/11/2023,18.38607429,183.8607429,72,2024
12/12/2023,19.13514876,191.3514876,73,2024
12/13/2023,19.25548014,192.5548014,74,2024
12/14/2023,19.43490321,194.3490321,75,2024
12/15/2023,19.54507828,195.4507828,76,2024
12/16/2023,17.27255974,172.7255974,77,2024
12/17/2023,18.58848661,185.8848661,78,2024
12/18/2023,18.28665962,182.8665962,79,2024
12/19/2023,17.8784388,178.784388,80,2024
12/20/2023,17.18315902,171.8315902,81,2024
12/21/2023,16.42900089,164.2900089,82,2024
12/22/2023,15.78769773,157.8769773,83,2024
12/23/2023,15.68559827,156.8559827,84,2024
12/24/2023,13.96111528,139.6111528,85,2024
12/25/2023,13.94224337,139.4224337,86,2024
12/26/2023,16.00476142,160.0476142,87,2024
12/27/2023,15.95171563,159.5171563,88,2024
12/28/2023,15.16178791,151.6178791,89,2024
12/29/2023,14.27877736,142.7877736,90,2024
12/30/2023,13.77443934,137.7443934,91,2024
12/31/2023,13.46063314,134.6063314,92,2024
1/1/2024,14.48325488,144.8325488,93,2024
1/2/2024,14.62502264,146.2502264,94,2024
1/3/2024,12.41264327,124.1264327,95,2024
1/4/2024,13.06074735,130.6074735,96,2024
1/5/2024,13.77498389,137.7498389,97,2024
1/6/2024,15.86673084,158.6673084,98,2024
1/7/2024,18.21819928,182.1819928,99,2024
1/8/2024,19.29550616,192.9550616,100,2024
1/9/2024,21.16632906,211.6632906,101,2024
1/10/2024,23.8047292,238.047292,102,2024
1/11/2024,24.63265119,246.3265119,103,2024
1/12/2024,24.74473768,247.4473768,104,2024
1/13/2024,24.94976423,249.4976423,105,2024
1/14/2024,24.78240686,247.8240686,106,2024
1/15/2024,24.57176188,245.7176188,107,2024
1/16/2024,24.4156907,244.156907,108,2024
1/17/2024,24.5918836,245.918836,109,2024
1/18/2024,24.93253902,249.3253902,110,2024
1/19/2024,25.42025877,254.2025877,111,2024
1/20/2024,25.48492727,254.8492727,112,2024
1/21/2024,25.80314369,258.0314369,113,2024
1/22/2024,26.44799028,264.4799028,114,2024
1/23/2024,26.71493527,267.1493527,115,2024
1/24/2024,26.8253767,268.253767,116,2024
1/25/2024,27.09846385,270.9846385,117,2024
1/26/2024,27.53061495,275.3061495,118,2024
1/27/2024,27.59018062,275.9018062,119,2024
1/28/2024,27.07545705,270.7545705,120,2024
1/29/2024,26.25513016,262.5513016,121,2024
1/30/2024,24.57980649,245.7980649,122,2024
1/31/2024,23.04219442,230.4219442,123,2024
2/1/2024,21.8170539,218.170539,124,2024
2/2/2024,20.6135533,206.135533,125,2024
2/3/2024,20.52111863,205.2111863,126,2024
2/4/2024,20.75461131,207.5461131,127,2024
2/5/2024,20.89751956,208.9751956,128,2024
2/6/2024,25.89888929,258.9888929,129,2024
2/7/2024,26.43798367,264.3798367,130,2024
2/8/2024,26.38412942,263.8412942,131,2024
2/9/2024,26.44058403,264.4058403,132,2024
2/10/2024,26.29515251,262.9515251,133,2024
2/11/2024,21.65798873,216.5798873,134,2024
2/12/2024,22.0772616,220.772616,135,2024
2/13/2024,21.48636226,214.8636226,136,2024
2/14/2024,20.84338508,208.4338508,137,2024
2/15/2024,20.0723154,200.723154,138,2024
2/16/2024,19.00215004,190.0215004,139,2024
2/17/2024,17.32911918,173.2911918,140,2024
2/18/2024,16.5762806,165.762806,141,2024
2/19/2024,15.98379412,159.8379412,142,2024
2/20/2024,16.0290996,160.290996,143,2024
2/21/2024,16.05488583,160.5488583,144,2024
2/22/2024,16.10928707,161.0928707,145,2024
2/23/2024,16.19871389,161.9871389,146,2024
2/24/2024,16.31896491,163.1896491,147,2024
2/25/2024,16.84458349,168.4458349,148,2024
2/26/2024,19.55104341,195.5104341,149,2024
2/27/2024,21.63320797,216.3320797,150,2024
2/28/2024,23.34232984,233.4232984,151,2024
3/1/2024,31.38069123,313.8069123,152,2024
3/2/2024,34.21771103,342.1771103,153,2024
3/3/2024,36.45269704,364.5269704,154,2024
3/4/2024,38.70804706,387.0804706,155,2024
3/5/2024,40.61460446,406.1460446,156,2024
3/6/2024,40.32434308,403.2434308,157,2024
3/7/2024,39.97609052,399.7609052,158,2024
3/8/2024,39.87631283,398.7631283,159,2024
3/9/2024,41.2743806,412.743806,160,2024
3/10/2024,44.74648023,447.4648023,161,2024
3/11/2024,48.38068103,483.8068103,162,2024
3/12/2024,51.36548675,513.6548675,163,2024
3/13/2024,52.53818272,525.3818272,164,2024
3/14/2024,52.07001118,520.7001118,165,2024
3/15/2024,52.08841971,520.8841971,166,2024
3/16/2024,51.30742419,513.0742419,167,2024
3/17/2024,50.22227339,502.2227339,168,2024
3/18/2024,48.92981506,489.2981506,169,2024
3/19/2024,47.94277813,479.4277813,170,2024
3/20/2024,46.98328384,469.8328384,171,2024
3/21/2024,45.85796588,458.5796588,172,2024
3/22/2024,44.41364712,444.1364712,173,2024
3/23/2024,43.41334486,434.1334486,174,2024
3/24/2024,42.01097129,420.1097129,175,2024
3/25/2024,39.98204505,399.8204505,176,2024
3/26/2024,39.19819545,391.9819545,177,2024
3/27/2024,38.25207784,382.5207784,178,2024
3/28/2024,37.7321095,377.321095,179,2024
3/29/2024,39.50093328,395.0093328,180,2024
3/30/2024,42.40283817,424.0283817,181,2024
3/31/2024,44.92069359,449.2069359,182,2024
4/1/2024,46.71987739,467.1987739,183,2024
4/2/2024,48.80405861,488.0405861,184,2024
4/3/2024,48.48260306,484.8260306,185,2024
4/4/2024,48.09306733,480.9306733,186,2024
4/5/2024,47.67955767,476.7955767,187,2024
4/6/2024,47.19362085,471.9362085,188,2024
4/7/2024,46.50323954,465.0323954,189,2024
4/8/2024,44.774215,447.74215,190,2024
4/9/2024,42.41725092,424.1725092,191,2024
4/10/2024,38.61730598,386.1730598,192,2024
4/11/2024,34.40596921,344.0596921,193,2024
4/12/2024,32.51873159,325.1873159,194,2024
4/13/2024,31.75034998,317.5034998,195,2024
4/14/2024,31.47312998,314.7312998,196,2024
4/15/2024,31.25162303,312.5162303,197,2024
4/16/2024,30.97716819,309.7716819,198,2024
4/17/2024,30.82200336,308.2200336,199,2024
4/18/2024,30.83150662,308.3150662,200,2024
4/19/2024,30.90118209,309.0118209,201,2024
4/20/2024,30.94212059,309.4212059,202,2024
4/21/2024,30.98742321,309.8742321,203,2024
4/22/2024,30.97717758,309.7717758,204,2024
4/23/2024,30.9265074,309.265074,205,2024
4/24/2024,30.8438664,308.438664,206,2024
4/25/2024,30.82064016,308.2064016,207,2024
4/26/2024,30.94543193,309.4543193,208,2024
4/27/2024,31.03955164,310.3955164,209,2024
4/28/2024,31.12108191,311.2108191,210,2024
4/29/2024,31.32598406,313.2598406,211,2024
4/30/2024,31.39921153,313.9921153,212,2024
5/1/2024,31.46902365,314.6902365,213,2024
5/2/2024,31.35947552,313.5947552,214,2024
5/3/2024,31.26875444,312.6875444,215,2024
5/4/2024,31.16419982,311.6419982,216,2024
5/5/2024,30.8766159,308.766159,217,2024
5/6/2024,30.73209767,307.3209767,218,2024
5/7/2024,30.76285498,307.6285498,219,2024
5/8/2024,30.60309841,306.0309841,220,2024
5/9/2024,30.39475073,303.9475073,221,2024
5/10/2024,30.24139983,302.4139983,222,2024
5/11/2024,30.05058207,300.5058207,223,2024
5/12/2024,29.8269157,298.269157,224,2024
5/13/2024,29.07457395,290.7457395,225,2024
5/14/2024,28.17046884,281.7046884,226,2024
5/15/2024,27.42527472,274.2527472,227,2024
5/16/2024,26.88526868,268.8526868,228,2024
5/17/2024,26.235,262.35,229,2024
5/18/2024,25.6318207,256.318207,230,2024
5/19/2024,25.18479511,251.8479511,231,2024
5/20/2024,24.80336477,248.0336477,232,2024
5/21/2024,24.48410862,244.8410862,233,2024
5/22/2024,24.0123,240.123,234,2024
5/23/2024,23.67851,236.7851,235,2024
5/24/2024,23.3679,233.679,236,2024
5/25/2024,23.01726,230.1726,237,2024
5/26/2024,22.7654,227.654,238,2024
5/27/2024,22.4568,224.568,239,2024
5/28/2024,22.0951,220.951,240,2024
5/29/2024,21.83946475,218.3946475,241,2024
5/30/2024,21.59338875,215.9338875,242,2024
5/31/2024,21.26111936,212.6111936,243,2024
6/1/2024,21.02,210.2,244,2024
6/2/2024,20.891,208.91,245,2024
6/3/2024,20.678,206.78,246,2024
6/4/2024,20.5170641,205.170641,247,2024
6/5/2024,20.2351,202.351,248,2024
6/6/2024,20.0125,200.125,249,2024
6/7/2024,19.5431,195.431,250,2024
6/8/2024,18.854,188.54,251,2024
6/9/2024,18.1523,181.523,252,2024
6/10/2024,17.1112454,171.112454,253,2024
6/11/2024,15.02576624,150.2576624,254,2024
6/12/2024,13.32670563,133.2670563,255,2024
6/13/2024,12.234,122.34,256,2024
6/14/2024,11.012,110.12,257,2024
6/15/2024,10.562,105.62,258,2024
6/16/2024,9.750810906,97.50810906,259,2024
6/17/2024,9.647637442,96.47637442,260,2024
6/18/2024,9.0012,90.012,261,2024
6/19/2024,8.3201,83.201,262,2024
6/20/2024,7.4624,74.624,263,2024
6/21/2024,6.3217,63.217,264,2024
